remote,exam_total,l10q1c,l10q2c,l10q3c,l11q1,l11q2,l11q3c,l11q4c,l11q5c,l12q1c,l12q2c,l12q3c,l12q4,l12q5,l12q6,l12q7,l12q8,l12q9,l12q10i,l13q1c,l13q2c,l13q3c,l13q4,l13q5,l14q1,l14q2,l14q3c,l14q4c,l14q5c,l15q1,l15q2,l15q3c,l15q4c,l15q5c,l16q1c,l16q2c,l16q3c,l16q4,l16q5,l16bq1,l16bq2,l17q1,l17q2,l17q3c,l17q4c,l17q5c,l18q1,l18q2,l18q3,l18q4,l18q5c,l18q6c,l18q7c,l19q1,l19q2,l19q3,l19q4,l19q5,l19q6,l2q1,l2q2,l2q3,l2q4,l2q5c,l2q6c,l2q7c,l20q1c,l20q2c,l20q3c,l21q1c,l21q2c,l21q3c,l21q4,l21q5,l22q1,l22q2,l22q3c,l22q4c,l22q5c,l22q6,l22q7,l23q1,l23q2,l23q3c,l23q4c,l23q5c,l24q1c,l24q2c,l24q3c,l24q4,l24q5,l25q1,l25q2,l25q3c,l25q4c,l25q5c,l26q1,l26q2,l26q3c,l26q4c,l26q5c,l26q6,l26q7,l27q1,l27q2,l27q3c,l27q4c,l27q5c,l28q1,l28q2,l28q3,l28q4,l28q5,l28q6,l3q1,l3q2,l3q3c,l3q4c,l3q5c,l3q6,l3q7,l30q1,l30q2,l30q3,l30q4,l30q5,l30q6,l31q1c,l31q2c,l31q3c,l31q4,l31q5,l31q6c,l31q7c,l31q8c,l32q1c,l32q2c,l32q3c,l32q4c,l32q5c,l32q6c,l33q1,l33q2,l33q3c,l33q4c,l33q5c,l33q6,l33q7,l34q1c,l34q2c,l34q3c,l34q4,l34q5,l34q6,l34q7,l4q1,l4q2,l4q3c,l4q4c,l4q5c,l4q6,l4q7,l4q8,l4q9,l5q1,l5q2,l5q3i,l5q4,l5q5,l5q6c,l5q7c,l5q8c,l6q1c,l6q2c,l6q3c,l6q4,l6q5,l7q1,l7q2,l7q3c,l7q4c,l7q5c,l7q6,l7q7,l8q1c,l8q2c,l8q3c,l8q4,l8q5,l8q6i,l8q7i,l8q8,l8q9,l9q1c,l9q2c,l9q3c,l9q4,l9q5,l9q6,l9q7,l9q8,l9q9
#10F037D7,24.5,3,3,3,3,3,5,4,2,NA,NA,NA,NA,NA,NA,NA,NA,NA,NA,1,3,1,3,2,5,1,4,3,4,1,1,5,5,1,2,2,3,2,5,2,1,1,5,4,4,2,1,3,4,4,3,3,3,NA,4,1,1,1,3,4,4,3,4,2,1,3,NA,2,3,1,1,3,3,1,NA,1,3,1,2,1,1,NA,NA,NA,1,2,3,3,1,1,1,NA,NA,NA,4,2,NA,1,2,NA,4,1,1,4,4,2,2,3,NA,1,2,2,1,1,3,3,2,2,4,2,2,NA,NA,4,5,4,4,NA,NA,NA,NA,NA,NA,NA,NA,NA,NA,NA,2,3,3,NA,NA,NA,NA,NA,NA,NA,NA,NA,1,3,3,2,2,2,2,3,3,2,1,1,4,5,2,2,1,1,1,5,5,1,NA,3,3,1,1,1,5,3,3,4,5,5,5,4,4,1,NA,2,2,2,2,3,1,2,2,4,2,2,5,4
#11B965CD,58,2,3,1,3,3,4,4,2,1,1,3,5,3,3,1,3,3,5,3,3,3,1,1,1,1,3,3,4,NA,NA,NA,NA,NA,3,2,3,4,5,1,2,4,5,3,3,4,3,3,2,1,2,2,1,1,2,4,1,1,2,4,4,4,4,1,1,3,2,2,3,2,1,3,1,1,3,3,1,3,3,2,1,3,3,4,4,3,4,4,1,1,1,4,4,5,4,2,4,4,5,3,4,2,4,2,2,2,2,2,3,4,1,1,1,1,3,3,2,2,3,2,2,4,4,4,3,4,4,1,2,5,4,3,3,3,2,2,4,1,1,2,3,1,1,1,1,2,2,1,3,3,2,3,3,2,5,2,2,NA,3,3,1,1,4,4,3,3,1,1,1,5,5,4,5,1,2,1,1,5,5,3,3,1,5,5,1,2,2,4,1,2,1,2,2,1,1,5,1,2,2,1,2,2
#1451551,65,3,5,3,3,3,5,4,2,1,1,3,5,3,1,1,3,3,3,1,3,3,1,2,3,1,1,3,2,4,1,4,2,1,2,2,4,5,NA,2,2,3,5,1,1,4,3,3,4,1,4,2,1,2,2,1,1,2,2,4,5,4,4,1,1,3,2,2,3,2,2,3,4,NA,3,3,5,4,4,1,1,3,3,4,4,4,3,3,1,1,1,5,5,4,4,2,1,1,3,3,5,4,4,NA,NA,NA,NA,NA,4,4,1,2,2,2,1,3,2,2,3,4,2,3,3,1,3,4,4,1,4,1,3,NA,3,3,2,3,3,2,2,NA,3,1,2,4,NA,2,1,1,2,2,2,3,3,2,2,2,2,3,3,3,1,1,1,4,2,2,3,1,1,5,5,4,4,1,2,2,1,5,5,3,3,1,5,5,5,4,2,1,1,2,1,3,2,1,3,5,2,2,2,3,2,2
#1891A92,63,3,3,1,4,3,4,4,2,1,1,3,3,3,3,1,3,3,5,3,3,1,2,2,1,1,3,3,1,1,1,2,2,1,NA,NA,NA,NA,NA,4,4,3,3,4,4,4,2,2,3,1,1,2,1,2,2,5,5,3,3,5,5,4,4,1,1,3,NA,NA,NA,2,2,3,1,1,3,3,4,NA,2,1,1,3,3,1,4,4,3,3,1,1,1,1,1,4,4,2,4,1,3,3,4,4,4,2,2,2,2,3,5,4,1,1,2,2,3,3,2,5,3,2,2,4,NA,3,NA,4,4,2,2,1,4,NA,3,3,2,5,5,3,2,2,3,2,1,3,3,2,1,1,2,3,2,3,3,3,3,NA,2,3,3,3,1,1,1,4,2,2,1,1,1,5,5,4,2,3,2,4,1,5,5,3,3,1,5,NA,2,4,NA,1,NA,2,1,2,NA,1,1,5,2,2,3,3,4,4
#18AF67D,62,3,3,3,3,3,5,4,2,1,1,3,2,3,1,1,4,3,5,1,3,3,1,2,1,1,3,3,4,1,1,4,4,2,4,4,3,5,NA,4,4,5,5,3,4,4,3,3,4,4,1,2,2,2,2,1,1,2,2,4,4,4,4,1,1,3,2,2,3,2,2,3,2,1,3,3,3,4,2,2,2,3,3,3,4,3,3,3,1,1,1,2,5,2,4,2,1,5,3,3,5,3,4,3,2,2,2,2,1,4,2,1,1,1,3,3,1,2,3,2,2,5,4,1,3,4,4,4,4,3,3,NA,3,3,2,4,4,3,2,3,3,2,1,4,1,2,1,4,3,3,2,3,3,5,2,2,2,2,3,3,1,1,4,4,3,2,1,1,1,5,5,4,2,1,2,4,1,2,5,3,3,1,5,5,4,1,2,1,1,2,1,2,2,1,1,5,2,2,1,1,4,4
#1A5F8BCE,60,2,3,1,3,NA,4,NA,2,1,1,3,3,3,1,1,3,NA,3,5,3,1,2,2,1,1,3,3,4,3,1,2,2,2,3,2,4,5,NA,4,4,5,5,4,5,4,2,3,3,1,1,1,NA,2,2,4,4,1,3,NA,NA,NA,NA,NA,NA,NA,2,2,3,2,2,3,4,4,3,NA,5,4,2,4,4,3,3,4,4,3,3,NA,1,1,NA,4,4,4,NA,2,4,4,3,3,4,4,4,2,2,5,NA,3,5,NA,NA,1,1,2,3,3,2,2,3,2,2,4,2,3,NA,4,4,3,2,1,2,2,3,NA,2,4,4,3,4,4,3,2,2,1,1,2,1,NA,NA,NA,NA,NA,NA,NA,NA,2,2,3,3,3,1,1,4,4,3,3,1,1,1,5,5,4,1,1,2,1,1,5,5,3,3,1,5,5,4,4,2,1,1,2,2,2,2,1,1,5,2,2,1,1,2,3
#1B2DB583,57.5,3,3,1,4,3,1,4,3,1,1,3,5,5,1,1,3,3,3,1,3,1,1,1,3,1,3,3,4,2,3,4,2,3,2,2,4,5,5,4,4,5,5,3,4,4,3,3,3,1,3,NA,1,2,2,1,1,1,2,NA,NA,NA,NA,NA,NA,NA,2,2,3,3,3,1,1,1,2,3,1,1,4,4,4,3,3,4,4,4,3,3,1,1,1,1,5,4,4,2,4,4,3,3,5,4,4,2,2,5,5,3,1,1,1,1,1,1,3,3,2,2,3,3,4,4,4,3,3,1,1,2,2,1,3,3,3,3,2,4,4,3,2,4,3,1,1,3,1,2,1,1,3,3,2,3,3,5,5,2,2,3,3,3,1,1,2,4,2,2,1,1,1,1,5,4,3,1,2,2,1,5,5,3,3,2,5,5,1,2,2,1,1,1,2,4,2,1,1,5,2,2,3,1,2,2
#1DF847A2,69,NA,3,1,4,3,1,4,2,1,1,3,3,3,1,1,3,3,3,3,3,1,2,2,1,1,3,3,4,1,1,2,2,1,2,2,4,5,5,2,4,5,5,4,4,4,3,3,4,5,3,2,1,2,2,3,3,2,2,4,4,4,4,2,1,3,2,2,3,1,1,3,1,1,3,3,4,4,2,1,1,3,3,4,4,4,3,3,1,1,1,4,4,4,4,2,4,4,3,3,5,1,4,2,2,1,2,3,2,5,1,1,1,1,3,3,2,2,3,2,2,4,4,3,3,5,4,1,2,4,4,3,3,3,2,4,4,4,4,4,3,1,1,1,1,2,2,1,NA,NA,NA,NA,NA,NA,NA,2,2,3,3,3,1,1,1,4,3,2,1,1,1,5,5,4,1,1,2,3,1,5,5,5,3,4,5,5,4,4,2,1,1,2,1,2,2,1,1,3,1,1,4,3,2,2
#24052C0D,60.5,2,2,1,1,1,4,NA,2,1,1,3,3,3,3,1,3,3,3,3,3,1,1,1,1,NA,3,3,4,2,2,2,1,1,2,2,4,3,5,NA,NA,5,5,4,5,4,3,3,4,1,2,2,1,3,2,1,4,2,2,4,4,4,4,1,1,3,2,2,NA,NA,NA,NA,NA,NA,NA,NA,NA,NA,NA,NA,NA,3,NA,3,4,4,3,3,1,1,1,5,4,4,NA,2,4,4,NA,4,4,4,NA,NA,NA,NA,NA,NA,1,5,1,2,2,NA,4,3,2,2,3,2,2,4,4,3,NA,4,4,2,2,1,NA,NA,2,NA,3,NA,NA,NA,NA,NA,NA,NA,NA,NA,NA,NA,NA,NA,NA,NA,NA,NA,NA,NA,NA,2,2,3,3,3,1,1,4,4,2,2,1,1,1,5,5,4,1,1,2,2,1,5,5,3,3,1,5,5,4,4,2,1,1,2,1,2,2,5,5,5,2,2,3,3,2,2
#245C473F,63,3,3,1,3,3,5,4,2,1,1,3,2,3,1,1,3,3,3,3,3,1,1,2,1,1,3,3,4,2,1,4,2,2,4,2,4,5,5,2,2,5,5,4,4,4,3,3,4,1,1,2,1,4,2,5,5,3,3,4,4,4,4,1,1,3,2,2,3,2,2,3,1,4,3,3,1,4,4,1,1,3,3,4,4,3,3,3,1,1,1,1,5,4,5,2,4,4,3,3,5,4,4,NA,NA,NA,NA,NA,3,3,2,2,2,2,3,3,2,2,3,2,4,4,4,3,3,1,4,2,4,1,4,3,3,3,2,5,3,3,1,1,3,1,1,3,4,2,2,1,3,2,2,4,3,2,5,2,2,NA,3,3,1,1,2,4,2,2,1,4,1,1,1,4,4,1,2,1,1,5,5,3,3,1,5,5,1,4,2,1,1,2,1,2,2,1,1,5,2,2,3,3,2,2
#245CBFC7,68,3,3,1,3,3,4,NA,2,1,NA,3,3,NA,1,NA,3,NA,5,1,3,1,1,3,1,NA,3,NA,4,1,1,2,2,1,2,2,3,5,NA,2,NA,1,5,4,5,4,3,NA,4,1,2,NA,1,2,NA,1,NA,2,NA,4,4,4,NA,4,1,3,2,NA,3,3,3,3,3,3,3,NA,1,NA,2,1,NA,3,NA,4,NA,3,3,NA,1,1,NA,4,4,4,NA,2,4,4,3,3,5,4,NA,2,NA,2,2,3,1,3,1,2,1,2,3,3,2,2,3,1,2,4,NA,3,3,4,NA,2,NA,1,3,NA,3,NA,NA,4,NA,3,2,NA,3,1,NA,1,1,2,1,NA,3,3,2,3,NA,3,5,2,2,3,3,3,1,1,4,2,2,NA,1,4,1,5,5,4,1,1,2,1,1,5,5,4,3,1,5,5,2,4,2,1,1,1,1,2,2,1,1,5,2,2,1,1,2,NA
#2485BA1B,39,3,3,3,1,2,4,4,2,1,1,1,4,3,1,1,4,3,4,1,1,2,4,4,4,1,NA,3,4,4,2,NA,4,2,NA,NA,NA,NA,NA,1,1,NA,2,3,3,1,2,3,3,3,1,1,1,NA,NA,NA,NA,NA,NA,1,4,4,4,2,1,3,3,2,3,NA,NA,NA,NA,NA,NA,NA,NA,NA,NA,NA,NA,3,3,4,4,3,4,4,1,3,1,1,1,2,4,2,3,4,3,3,4,4,4,NA,NA,NA,NA,NA,2,5,1,1,1,2,3,3,4,2,4,4,4,4,4,1,3,4,4,4,2,3,4,4,1,1,2,NA,NA,NA,NA,NA,NA,1,1,3,3,4,1,3,NA,NA,NA,NA,NA,NA,NA,2,2,3,3,2,2,1,2,4,1,2,1,1,1,1,5,4,4,1,2,3,1,5,5,2,3,4,5,5,NA,NA,NA,NA,NA,NA,NA,NA,NA,1,1,3,3,2,2,3,4,4
#25A970FC,22,NA,NA,NA,3,3,3,4,2,5,1,1,3,4,1,1,2,3,5,2,2,4,3,3,2,4,4,3,1,4,2,5,4,4,4,4,4,2,NA,3,3,NA,2,4,3,4,3,3,2,2,1,1,2,NA,NA,NA,NA,NA,NA,1,4,3,4,4,1,3,3,3,3,3,3,3,1,1,NA,NA,NA,NA,NA,NA,NA,3,3,4,4,3,NA,NA,NA,NA,NA,NA,NA,NA,NA,NA,2,4,5,3,5,4,4,3,2,4,4,3,NA,NA,NA,NA,NA,NA,2,3,2,2,3,4,1,NA,NA,3,3,1,4,NA,NA,NA,NA,NA,NA,NA,NA,NA,NA,NA,NA,NA,NA,NA,NA,NA,NA,NA,NA,NA,NA,NA,NA,NA,NA,NA,NA,2,2,3,3,4,1,1,1,4,4,2,3,5,1,3,5,4,2,3,5,4,2,3,2,3,3,4,4,5,4,4,3,1,1,2,1,4,4,1,1,5,1,2,4,2,2,2
#26AAF478,68,3,3,1,3,3,4,4,2,1,1,3,3,3,1,1,3,NA,3,3,3,3,2,2,1,4,3,3,4,2,2,2,4,3,3,2,4,1,2,1,2,5,5,4,4,4,3,3,1,1,2,2,1,NA,2,1,1,2,2,4,4,4,4,1,1,3,2,2,3,2,2,3,1,1,2,3,1,2,3,4,4,3,3,4,4,3,3,3,1,1,1,1,1,4,4,2,4,1,3,3,5,1,3,2,2,2,2,3,2,3,2,1,1,2,1,3,2,2,4,4,4,4,4,3,3,4,4,2,2,3,1,2,3,3,2,5,5,3,4,4,3,2,1,1,1,2,1,1,NA,NA,NA,NA,NA,NA,NA,2,2,3,3,3,1,1,4,4,3,3,1,1,1,5,5,4,4,2,2,1,NA,5,5,3,3,1,5,5,4,4,2,1,1,2,1,2,2,5,1,5,2,2,1,3,2,2
#270A92BF,30,3,3,3,2,3,4,4,2,1,1,1,3,3,4,3,4,3,2,1,3,5,2,2,3,NA,4,NA,4,2,1,1,4,3,2,4,3,5,NA,NA,NA,2,5,2,4,4,3,NA,4,4,NA,2,1,3,2,3,1,2,2,4,4,4,4,2,1,3,2,NA,3,3,2,3,4,1,4,3,4,4,2,5,5,3,NA,1,4,3,NA,NA,NA,NA,NA,1,NA,4,NA,3,NA,NA,NA,NA,NA,NA,NA,2,NA,2,2,3,1,4,1,1,1,1,3,3,2,2,3,2,2,4,NA,2,5,3,4,NA,NA,NA,NA,NA,NA,NA,NA,NA,NA,NA,NA,NA,NA,NA,NA,NA,NA,NA,NA,NA,NA,NA,NA,NA,NA,NA,NA,2,2,3,3,3,1,1,1,4,2,2,1,1,1,5,5,4,1,1,5,4,1,1,5,4,3,1,5,5,1,1,2,1,1,2,1,2,NA,1,1,3,2,2,1,1,1,3
#288CA4,55,1,1,1,3,3,4,4,2,1,1,3,3,3,4,4,5,5,1,2,3,3,1,1,3,1,3,3,4,2,2,4,1,4,1,1,3,1,3,2,4,5,5,5,5,4,3,3,2,1,3,4,1,2,2,4,4,1,1,3,4,4,4,1,1,3,1,2,3,2,2,3,3,1,1,1,1,1,2,4,4,3,3,3,3,4,3,3,1,1,1,1,1,4,4,2,4,4,5,5,5,1,3,2,2,2,2,3,4,4,1,1,1,1,1,3,2,NA,3,2,2,2,4,1,1,4,1,1,2,1,3,3,3,3,2,1,4,3,2,2,2,1,1,4,4,2,NA,NA,2,2,2,3,3,5,5,NA,NA,NA,NA,NA,NA,NA,NA,NA,2,2,1,1,NA,5,5,3,1,1,2,1,1,5,5,3,3,1,5,5,2,4,2,1,1,2,1,2,2,4,1,5,2,NA,2,5,1,2
#319EDB74,45,NA,NA,NA,NA,NA,NA,NA,NA,NA,NA,NA,NA,NA,NA,NA,NA,NA,NA,2,3,1,3,2,5,3,4,3,2,NA,3,4,4,4,NA,NA,NA,NA,NA,NA,NA,NA,NA,2,3,2,NA,NA,NA,NA,NA,NA,NA,NA,NA,NA,NA,NA,NA,NA,NA,NA,NA,NA,NA,NA,NA,NA,NA,NA,NA,NA,NA,NA,NA,NA,NA,NA,NA,NA,NA,NA,NA,NA,NA,NA,NA,NA,NA,NA,NA,3,5,5,5,4,NA,NA,NA,NA,NA,NA,NA,NA,NA,NA,NA,NA,NA,NA,NA,NA,NA,NA,NA,NA,NA,NA,NA,NA,NA,NA,NA,NA,NA,NA,NA,NA,NA,NA,NA,NA,NA,NA,NA,NA,NA,NA,NA,NA,NA,NA,NA,NA,NA,NA,NA,NA,NA,NA,NA,NA,NA,NA,NA,NA,NA,NA,NA,NA,NA,NA,NA,NA,NA,NA,NA,NA,NA,NA,NA,NA,NA,NA,NA,NA,NA,NA,NA,NA,NA,NA,NA,NA,NA,NA,NA,NA,NA,NA,NA,NA,NA,4,5,5,2,2,2,2,1,2
#31D4A144,55.5,1,3,1,3,3,4,4,2,1,1,5,3,3,1,1,3,3,3,3,3,1,2,2,1,1,3,3,4,1,1,2,2,1,1,2,3,5,5,2,4,5,5,4,4,4,3,3,4,NA,1,2,1,5,2,3,3,2,2,4,4,4,4,1,1,3,2,2,3,1,1,3,4,4,3,3,3,4,2,4,1,3,3,4,4,4,3,3,1,1,1,3,5,5,4,2,4,4,3,3,5,5,4,2,2,1,2,4,NA,NA,NA,NA,NA,NA,NA,NA,NA,NA,NA,NA,NA,NA,4,1,3,4,4,2,2,NA,3,3,3,3,2,4,NA,3,4,4,3,1,1,3,1,2,4,1,3,2,2,2,3,2,2,2,2,3,3,3,1,1,4,4,2,NA,1,1,1,5,5,4,2,2,2,1,1,5,5,3,3,4,5,5,4,4,2,1,1,2,1,5,2,1,1,5,2,2,2,3,2,2
#31D631D6,56,2,3,1,3,NA,4,4,2,NA,NA,NA,NA,NA,NA,NA,NA,NA,NA,5,3,1,2,NA,1,NA,1,3,4,NA,NA,NA,NA,NA,3,2,4,5,NA,3,4,NA,NA,NA,NA,NA,3,NA,3,NA,4,NA,1,2,NA,4,4,3,2,4,4,4,4,1,1,3,2,2,3,3,3,3,1,1,NA,NA,NA,NA,NA,NA,NA,2,3,4,4,3,3,3,1,1,1,4,NA,4,4,2,NA,NA,NA,NA,NA,NA,NA,2,2,2,5,3,NA,NA,NA,NA,NA,NA,3,3,2,2,3,2,NA,4,NA,4,3,4,4,2,2,1,4,4,2,NA,2,4,4,3,4,4,3,2,2,1,1,2,1,NA,NA,NA,NA,NA,NA,NA,NA,2,2,3,3,3,1,1,4,4,3,3,1,1,NA,5,5,4,1,1,2,1,1,NA,NA,NA,NA,NA,NA,NA,1,4,4,1,1,2,2,2,NA,1,NA,5,2,2,1,1,4,4
#320684B0,62.5,2,3,1,3,3,4,4,3,1,1,3,4,3,1,1,3,3,3,3,3,1,2,2,1,1,3,3,4,1,1,2,2,1,2,2,4,5,5,1,4,5,5,5,5,4,3,3,2,1,2,2,1,2,2,5,3,2,3,NA,5,4,4,1,1,3,2,2,3,4,4,3,4,3,3,3,3,3,2,2,3,3,3,4,4,4,4,3,1,1,1,1,3,4,4,2,5,4,3,3,5,4,4,2,2,2,2,3,2,5,2,2,2,1,NA,NA,NA,NA,NA,NA,NA,4,4,3,3,4,4,2,2,1,3,3,2,3,2,3,NA,3,2,3,3,1,1,3,4,4,1,1,1,1,2,3,3,3,3,2,2,3,3,3,1,1,3,4,4,2,1,1,1,3,5,4,1,1,2,2,1,5,5,3,3,1,5,5,4,4,2,1,1,2,2,2,2,1,1,5,2,2,1,3,4,4
#322CD6C8,44,3,3,1,3,4,4,NA,2,1,1,3,2,3,1,1,3,3,2,2,3,1,3,2,5,1,5,3,3,4,2,4,4,4,4,2,4,5,5,4,1,5,5,2,4,4,3,3,3,4,4,4,2,2,2,4,NA,3,3,4,4,4,4,4,1,3,2,2,4,3,2,3,1,1,1,2,5,4,2,4,4,3,3,4,4,3,3,3,1,1,NA,NA,NA,NA,NA,NA,4,4,3,3,4,1,NA,2,2,5,5,3,5,5,1,1,1,2,3,3,2,2,4,4,4,NA,NA,NA,NA,NA,NA,NA,NA,1,4,4,3,NA,2,NA,NA,NA,NA,NA,NA,NA,NA,NA,NA,NA,NA,NA,NA,NA,NA,NA,NA,NA,NA,4,2,3,3,3,1,1,1,4,2,2,1,4,NA,5,5,4,2,1,2,3,1,4,5,3,3,1,3,5,1,4,2,1,1,2,1,2,2,5,4,5,2,2,2,2,4,2
#324C423C,25,3,3,1,2,3,3,4,2,1,1,3,5,3,3,1,3,3,3,NA,NA,NA,NA,NA,1,1,3,3,4,2,1,4,4,3,4,2,3,5,NA,NA,4,NA,NA,NA,NA,NA,NA,NA,3,1,2,2,1,3,3,5,4,3,3,NA,NA,NA,NA,NA,NA,NA,NA,NA,NA,2,2,3,2,2,NA,NA,NA,NA,NA,1,4,NA,NA,NA,NA,NA,3,3,1,1,1,NA,NA,NA,NA,NA,NA,NA,5,3,4,4,4,2,2,3,2,3,NA,NA,NA,NA,1,1,3,3,2,2,3,2,2,4,4,4,3,3,4,NA,NA,NA,NA,NA,NA,NA,NA,NA,NA,NA,NA,NA,NA,NA,NA,NA,NA,NA,NA,NA,NA,NA,NA,NA,NA,NA,NA,4,2,3,3,3,1,1,3,4,2,2,1,4,4,1,1,4,NA,NA,4,1,1,1,2,3,3,2,5,5,2,2,2,1,1,2,1,2,2,1,5,5,4,2,1,1,1,2
#32878C39,63,3,3,1,3,3,4,4,2,1,1,3,4,3,3,1,3,3,5,2,2,2,1,1,1,1,3,3,4,1,2,4,4,1,4,4,3,5,NA,1,4,5,5,5,5,4,3,3,1,1,1,1,2,2,2,1,1,3,3,4,4,4,NA,1,1,3,2,2,3,3,2,3,1,NA,3,3,1,1,2,1,1,1,3,4,4,3,3,3,1,1,1,2,1,4,4,2,1,4,3,3,5,4,4,2,2,2,2,1,3,2,2,2,1,2,4,4,2,2,3,1,1,4,4,1,3,4,4,2,2,1,2,2,3,3,2,NA,NA,NA,NA,NA,NA,1,1,3,1,2,4,1,NA,NA,NA,NA,NA,NA,NA,2,2,3,3,3,1,1,1,1,1,2,1,1,4,1,3,4,5,1,5,1,1,1,1,3,3,4,5,5,1,1,2,1,1,2,1,2,2,1,1,5,2,2,1,3,3,4
#329EB21E,39,2,3,1,3,3,4,4,3,1,1,3,3,3,1,1,3,3,3,1,3,1,2,2,1,1,3,3,4,3,1,4,2,1,4,2,3,5,5,2,4,5,5,4,5,4,3,3,3,1,3,2,1,2,2,4,1,2,2,3,5,4,4,1,1,3,2,2,3,3,3,3,1,1,3,3,3,4,3,4,1,3,3,4,4,4,3,3,1,1,1,2,5,4,4,2,4,4,3,3,5,4,4,2,2,2,2,3,5,5,2,2,2,2,1,3,2,2,2,4,2,5,4,2,3,2,4,4,2,1,3,3,1,3,2,3,3,3,3,4,2,1,1,3,4,2,4,1,1,1,2,3,3,2,2,2,2,3,3,3,1,1,3,4,2,2,1,1,1,5,5,4,1,1,2,4,1,1,5,3,3,1,5,5,1,4,2,1,1,2,1,2,2,1,1,5,2,2,3,3,3,3
#32A8B329,66.5,3,3,3,4,4,4,4,2,1,1,3,3,3,1,1,3,3,3,3,3,1,1,1,1,1,5,3,4,4,1,4,2,2,3,2,4,5,NA,4,4,5,5,4,5,4,3,3,2,1,1,2,1,2,2,1,1,3,3,NA,4,4,4,1,1,3,2,2,3,2,3,3,4,4,3,1,1,4,2,1,1,3,3,3,4,4,3,3,1,1,1,5,5,4,4,2,4,4,3,3,5,1,4,3,2,2,2,1,4,4,1,1,2,2,3,3,2,2,3,2,2,4,4,3,3,4,4,2,2,1,4,4,2,3,4,3,4,3,1,4,3,1,1,1,1,2,4,1,NA,NA,NA,NA,NA,NA,NA,2,2,3,3,3,1,1,1,1,3,1,1,1,4,5,5,4,5,1,2,3,1,5,5,3,3,1,5,1,1,2,2,1,1,2,1,2,2,1,1,3,2,2,4,3,3,3
#32FBD21B,30.5,1,3,3,3,3,NA,4,2,1,1,1,3,3,1,1,4,3,5,2,3,2,1,1,5,1,4,3,4,1,1,2,2,1,3,2,3,5,NA,3,2,4,3,2,4,3,3,3,3,2,4,2,2,NA,NA,NA,NA,NA,NA,4,4,1,4,2,1,3,2,2,3,4,1,3,1,2,NA,NA,NA,NA,NA,NA,NA,3,3,4,4,1,5,3,2,1,1,2,2,1,4,2,1,1,5,3,4,2,4,3,2,5,2,3,1,1,1,1,1,1,2,3,1,2,3,1,2,4,4,3,3,3,4,3,3,1,1,NA,2,3,3,4,4,3,2,3,3,1,1,4,3,2,2,3,4,4,2,2,2,1,2,2,2,3,3,3,1,1,5,4,2,2,1,1,1,1,5,4,2,1,1,1,1,2,5,3,3,4,5,5,2,1,2,1,1,2,2,5,2,1,1,3,3,2,2,3,2,2
#33233222,72.5,3,3,1,4,3,4,4,2,1,1,3,3,3,1,1,3,3,3,1,3,1,1,2,1,1,3,3,4,2,1,4,2,1,NA,2,4,5,5,4,4,5,4,4,5,4,3,3,1,1,1,2,1,2,4,1,3,3,3,5,5,3,4,1,1,3,2,2,3,1,1,3,1,1,3,3,5,4,2,2,1,3,3,4,4,4,3,3,1,1,1,4,4,1,4,2,4,4,3,3,5,4,4,2,2,5,2,3,5,5,2,2,2,1,1,3,2,2,3,2,2,4,4,1,3,4,4,2,2,1,3,3,3,3,2,3,3,3,2,3,3,1,1,4,4,2,1,1,1,1,2,3,3,1,2,2,2,3,3,3,1,1,4,4,2,2,1,1,1,5,5,4,1,1,2,1,1,5,5,3,3,1,5,5,1,4,2,1,1,2,2,2,2,1,1,5,2,2,3,3,3,4
#33A70296,62.5,3,3,1,4,4,3,3,2,NA,1,3,3,3,1,1,3,3,3,3,3,3,1,2,1,1,3,4,4,1,1,2,2,1,NA,NA,3,5,5,2,4,NA,NA,NA,NA,NA,3,3,3,NA,4,2,2,2,3,1,1,3,3,4,4,5,4,1,1,3,NA,NA,NA,3,NA,3,1,1,3,3,4,4,2,4,1,3,3,3,4,3,3,3,1,1,1,5,5,4,4,2,4,4,3,3,4,1,4,2,2,5,2,3,3,5,1,1,2,1,3,3,2,2,3,2,2,NA,1,1,1,4,4,NA,NA,1,3,NA,3,3,2,4,4,1,2,2,3,1,1,3,1,2,1,1,3,3,2,3,3,2,3,2,2,3,3,3,1,1,1,1,2,2,1,1,1,5,5,4,3,1,2,1,1,5,5,3,3,1,5,5,1,4,2,1,1,2,1,2,2,4,1,5,2,2,4,1,4,2
#33DF4AA6,31.5,3,3,1,3,3,2,4,2,NA,NA,NA,NA,NA,NA,NA,NA,NA,NA,NA,NA,NA,NA,NA,5,1,3,3,4,1,1,1,4,3,1,2,3,4,NA,2,3,NA,NA,NA,NA,NA,3,3,4,1,4,2,1,4,2,1,4,3,3,1,NA,4,4,2,2,3,2,2,3,NA,NA,NA,NA,NA,NA,NA,NA,NA,NA,NA,NA,3,3,1,4,1,3,3,1,1,1,NA,3,4,4,2,4,4,4,4,4,1,4,3,2,2,2,3,2,5,1,2,2,2,3,3,2,2,3,1,2,4,4,3,3,4,4,2,2,1,3,3,3,3,2,5,4,3,2,2,1,1,2,4,4,1,1,2,2,2,4,3,2,2,3,1,2,3,3,3,1,1,2,2,NA,NA,NA,NA,NA,NA,NA,NA,1,1,4,3,1,1,5,4,3,1,5,5,2,2,2,2,2,2,1,2,2,4,4,1,2,2,2,2,4,2
#344C80F8,67.5,3,3,1,NA,NA,NA,NA,NA,NA,NA,NA,NA,NA,NA,NA,NA,NA,NA,2,2,2,2,1,1,1,3,NA,4,1,1,4,4,1,3,3,3,5,5,4,4,3,5,5,5,4,1,3,4,1,2,2,1,2,2,4,4,3,3,4,NA,4,4,1,1,3,2,2,3,1,1,3,2,1,1,3,4,4,2,1,1,3,3,4,4,4,3,3,1,1,1,1,5,4,4,2,4,4,3,3,5,4,4,2,2,2,2,3,5,5,2,NA,2,2,3,3,2,2,3,4,4,5,4,3,3,4,4,5,2,1,3,3,4,3,2,4,4,3,2,2,3,2,2,1,1,2,4,2,2,2,2,2,3,3,3,2,2,3,3,3,1,2,4,4,2,2,1,4,4,5,5,4,4,1,2,1,1,1,5,3,3,1,5,5,1,2,2,2,1,2,1,2,2,5,5,1,2,2,4,3,3,2
#34A59302,38,1,3,3,3,3,5,4,2,NA,NA,NA,NA,NA,NA,NA,NA,NA,NA,2,1,5,2,2,1,1,3,3,4,NA,NA,NA,NA,3,1,4,4,1,NA,3,5,NA,5,3,3,4,3,2,2,1,4,3,2,NA,NA,3,4,3,3,4,4,4,4,2,1,3,2,2,3,4,1,3,1,1,1,1,4,4,2,4,4,3,3,4,4,4,NA,NA,NA,NA,NA,NA,NA,NA,NA,NA,4,4,3,3,4,5,4,2,NA,5,2,3,NA,NA,NA,NA,NA,NA,2,2,2,2,3,4,2,NA,NA,3,NA,4,4,NA,NA,3,3,3,3,NA,2,NA,NA,NA,NA,NA,NA,NA,NA,NA,NA,NA,NA,NA,NA,NA,NA,NA,NA,NA,NA,2,2,3,3,3,1,1,3,4,2,2,1,1,NA,5,5,4,NA,1,2,1,1,2,2,3,3,2,5,5,1,4,2,1,1,NA,NA,NA,2,NA,NA,NA,NA,NA,NA,NA,NA,NA
#34C59E6F,66.5,3,3,1,3,3,4,4,2,1,1,3,3,3,1,1,3,3,3,1,3,1,2,2,1,1,3,3,5,4,1,4,2,1,4,2,3,5,5,4,2,5,5,4,4,4,2,3,3,2,3,2,1,2,2,4,1,2,3,5,5,4,4,1,1,3,2,2,3,3,3,3,1,4,3,3,4,4,2,3,1,3,3,4,4,3,3,3,1,1,1,5,5,4,4,2,4,4,3,3,5,4,4,2,2,5,5,3,5,3,1,2,1,2,3,3,2,2,3,1,1,5,4,3,3,1,4,1,4,1,4,3,2,3,2,3,3,3,2,2,3,1,1,4,4,4,2,1,1,2,2,3,3,2,5,2,2,3,3,3,1,1,3,4,2,2,1,1,1,5,5,4,1,1,2,3,1,1,5,5,3,2,5,5,4,4,2,1,1,2,2,2,2,1,1,5,2,2,3,3,3,3
#34CBF10E,57.5,3,3,3,1,3,4,4,2,2,1,2,3,3,1,1,3,NA,5,2,3,1,3,3,1,1,3,3,1,3,1,2,2,4,NA,NA,NA,NA,NA,4,2,1,5,NA,5,4,2,2,4,1,2,2,1,2,2,1,1,3,2,NA,NA,NA,NA,NA,NA,NA,1,2,3,2,3,3,1,3,1,1,1,1,3,4,NA,3,3,1,1,3,4,4,1,1,1,3,4,4,4,2,4,4,3,3,4,4,4,2,2,2,2,3,NA,3,1,2,2,2,3,3,2,2,3,1,1,4,4,3,3,4,4,2,2,1,3,3,3,3,2,5,4,3,5,2,3,1,1,4,1,2,1,1,3,NA,1,2,3,1,5,NA,NA,NA,NA,NA,NA,NA,NA,NA,3,2,2,3,1,4,5,4,5,1,2,3,1,2,5,4,3,4,3,5,2,2,2,1,1,2,1,2,2,5,1,5,2,2,1,3,2,2
#34F333F4,58.5,2,3,1,3,3,4,4,2,NA,NA,3,5,5,3,1,3,3,4,1,3,1,1,1,1,1,4,3,4,3,3,1,2,3,4,2,4,5,5,4,4,5,1,3,4,4,3,3,4,2,3,1,1,NA,2,3,1,2,2,2,4,4,4,1,1,3,2,2,3,3,3,3,4,1,5,3,3,2,3,2,4,3,3,4,4,4,3,3,1,1,1,2,5,4,1,2,4,4,3,3,5,4,4,2,2,5,5,3,NA,NA,NA,NA,NA,NA,3,3,2,2,3,4,4,4,4,4,4,4,4,3,2,1,1,3,1,3,2,2,4,3,1,4,3,1,1,3,3,2,1,1,3,3,2,3,3,5,5,2,2,3,3,3,1,1,2,4,3,2,1,1,1,1,5,4,1,1,2,2,1,5,5,3,3,1,3,5,1,4,2,1,1,4,1,2,2,1,1,4,2,2,4,1,3,5
#3518BB96,59.5,3,3,1,3,3,4,4,2,1,1,3,3,3,1,1,3,3,3,NA,NA,NA,NA,NA,NA,NA,NA,NA,NA,NA,NA,NA,NA,NA,NA,NA,NA,NA,NA,NA,NA,NA,NA,NA,NA,NA,NA,NA,NA,NA,NA,NA,NA,NA,NA,NA,NA,NA,NA,NA,NA,NA,NA,NA,NA,NA,NA,NA,NA,1,NA,1,1,4,NA,NA,NA,NA,NA,NA,NA,NA,NA,NA,NA,NA,3,3,1,1,1,2,2,4,2,2,NA,NA,NA,NA,NA,NA,NA,NA,NA,NA,NA,NA,NA,NA,1,1,1,2,2,3,2,2,3,1,1,NA,NA,NA,NA,NA,NA,NA,NA,NA,NA,NA,NA,NA,NA,NA,NA,NA,NA,NA,NA,NA,NA,NA,NA,NA,NA,NA,NA,NA,NA,NA,NA,NA,NA,2,2,3,3,3,2,2,5,1,2,2,1,1,1,1,5,4,NA,NA,NA,NA,NA,5,5,5,3,1,5,5,2,1,2,2,1,2,2,1,2,1,1,2,2,2,1,3,4,4
#358DBC04,67,3,3,1,1,4,4,4,2,1,1,3,2,3,1,1,3,3,3,2,3,1,1,2,1,1,3,3,4,1,1,2,2,1,4,2,4,3,5,1,4,5,5,4,4,4,1,1,2,1,3,2,1,2,2,4,4,3,3,NA,NA,NA,NA,NA,NA,NA,2,2,3,3,3,3,1,1,3,1,1,1,2,1,1,3,3,4,NA,4,3,3,1,1,1,5,5,4,4,2,5,5,5,5,5,4,4,2,2,2,2,3,1,5,1,1,2,2,3,3,2,2,3,3,2,4,4,4,3,1,1,2,2,1,2,3,4,3,2,5,4,3,3,3,3,1,1,4,4,2,3,3,1,1,2,3,3,2,2,2,2,3,3,3,1,1,NA,NA,3,2,1,4,1,5,5,4,2,1,2,1,1,5,5,3,3,1,5,5,1,4,2,1,1,2,1,2,2,5,1,5,2,2,3,1,4,2
#35F534F4,74.5,1,3,1,4,4,4,4,2,1,1,3,3,3,1,1,3,3,3,3,3,1,1,2,1,1,3,3,4,2,1,2,2,2,2,2,4,5,5,2,4,5,5,3,4,4,3,NA,1,1,1,2,1,2,NA,4,4,3,2,NA,NA,NA,NA,NA,NA,NA,2,2,3,1,NA,3,1,1,3,3,4,4,2,4,1,3,3,3,4,4,3,3,1,1,NA,5,5,4,4,2,4,4,3,NA,5,4,4,2,2,2,2,3,5,5,2,1,2,2,3,3,2,2,3,2,2,5,4,3,NA,4,NA,2,2,1,3,3,3,3,2,4,4,3,1,4,3,1,1,1,1,2,1,1,3,2,2,3,3,2,3,2,2,3,3,3,1,1,1,4,2,2,1,1,1,5,5,4,1,1,2,1,NA,5,5,3,3,1,5,5,2,2,2,1,2,2,1,2,2,4,5,5,2,2,3,3,2,2
#3666FFAF,26.5,NA,NA,NA,NA,NA,NA,NA,NA,NA,NA,NA,NA,NA,NA,NA,NA,NA,NA,NA,NA,NA,NA,NA,3,2,1,3,4,1,1,4,4,4,2,2,2,5,5,NA,NA,NA,NA,NA,NA,NA,NA,NA,NA,NA,NA,NA,NA,NA,NA,NA,NA,NA,NA,NA,NA,4,4,1,1,3,NA,NA,NA,NA,NA,NA,NA,NA,NA,NA,NA,NA,NA,NA,NA,NA,NA,NA,NA,NA,NA,NA,NA,NA,NA,NA,NA,NA,NA,NA,NA,NA,NA,NA,NA,NA,NA,NA,NA,NA,NA,NA,NA,NA,NA,NA,NA,NA,NA,NA,NA,NA,NA,NA,NA,NA,NA,NA,NA,NA,NA,NA,NA,NA,NA,NA,NA,NA,NA,NA,NA,NA,NA,NA,NA,NA,NA,NA,NA,NA,NA,NA,NA,NA,NA,NA,NA,NA,NA,NA,NA,NA,NA,NA,NA,NA,NA,NA,NA,NA,NA,NA,NA,NA,NA,NA,NA,NA,NA,NA,NA,NA,NA,NA,NA,NA,NA,NA,NA,NA,NA,NA,NA,NA,NA,NA,NA,NA,NA,NA,NA,NA,NA,NA,NA,NA
#3668E1BF,54,2,3,3,1,1,4,4,2,1,1,2,3,3,1,5,3,3,3,3,3,1,1,2,1,1,2,3,4,2,1,2,NA,1,2,2,4,5,5,2,2,5,NA,3,4,4,3,NA,3,2,1,1,1,4,2,5,4,2,3,1,4,5,5,1,1,3,1,2,3,3,4,3,1,NA,3,1,1,1,2,4,2,1,3,4,4,3,1,3,1,2,2,NA,NA,NA,NA,NA,4,NA,5,3,5,4,3,3,3,2,NA,3,3,3,2,1,1,2,3,3,2,2,3,1,1,4,NA,3,1,4,4,2,2,1,4,3,3,3,2,2,4,1,4,4,3,1,NA,4,3,2,2,2,2,4,3,3,NA,3,3,NA,4,3,3,2,2,1,4,4,2,2,1,1,1,5,5,4,5,1,2,1,NA,5,5,3,NA,1,5,5,4,4,2,1,1,2,1,2,2,1,1,5,2,2,3,3,4,NA
#36AB30AD,53.5,3,3,1,3,3,4,4,2,2,1,3,4,3,1,1,3,3,3,2,3,1,4,2,3,1,3,3,4,1,1,3,2,4,1,2,3,1,5,4,4,3,5,3,5,4,2,3,3,1,4,2,2,2,2,1,4,2,1,1,4,5,4,1,1,3,2,2,3,2,2,4,3,3,4,4,1,4,1,NA,4,3,3,4,4,1,2,NA,1,1,1,2,NA,1,NA,3,4,4,5,3,4,4,4,3,2,2,5,3,3,3,1,NA,2,2,4,3,2,2,2,3,2,4,4,3,3,NA,4,1,2,1,1,2,3,NA,3,3,4,3,4,3,5,1,1,1,1,2,4,4,4,4,2,3,3,5,5,2,2,3,3,3,1,1,2,2,NA,NA,NA,NA,NA,NA,NA,NA,2,2,3,1,1,5,5,3,3,1,5,5,4,4,2,1,1,2,1,2,2,NA,NA,NA,NA,NA,NA,NA,NA,NA
#36F273B7,23,3,3,1,1,2,4,4,2,NA,NA,NA,NA,NA,NA,NA,NA,NA,NA,3,3,1,1,2,4,1,3,NA,4,4,2,4,4,4,1,2,4,2,5,NA,NA,4,5,2,4,4,4,3,3,2,4,2,1,NA,NA,NA,NA,NA,NA,4,4,4,4,4,1,3,2,2,3,NA,NA,NA,NA,NA,3,NA,4,4,2,4,1,NA,NA,NA,NA,NA,3,3,1,1,1,1,1,5,4,2,2,5,3,3,4,1,1,NA,NA,NA,NA,NA,NA,NA,NA,NA,NA,NA,5,3,2,2,4,4,2,NA,NA,3,3,4,4,NA,NA,NA,NA,NA,NA,NA,NA,NA,NA,NA,NA,NA,NA,1,1,3,3,NA,1,3,NA,NA,NA,NA,NA,NA,NA,2,4,4,3,3,1,1,5,4,3,2,1,1,1,3,2,4,3,1,3,4,1,2,5,4,3,1,3,3,2,4,2,2,2,2,1,5,2,1,4,5,2,2,2,2,1,2
#3702D9EC,70.5,3,3,1,3,1,1,4,2,3,1,3,3,3,1,1,3,3,3,3,3,3,2,2,3,1,3,3,4,1,1,4,2,1,2,2,4,5,5,1,4,5,5,5,5,4,3,3,1,1,1,1,1,2,2,4,3,3,2,4,4,4,4,2,2,3,2,2,3,1,1,3,1,1,3,3,4,4,2,1,1,3,3,4,4,4,3,3,1,1,1,1,1,4,4,2,4,4,3,3,5,4,4,2,2,2,2,3,5,5,2,2,2,2,1,1,2,2,3,2,2,4,4,3,3,4,4,2,2,1,3,3,3,3,2,4,NA,3,4,4,3,1,1,4,1,2,1,2,1,NA,2,3,3,3,3,2,2,3,3,3,1,1,5,1,2,2,1,4,1,5,5,4,1,1,2,1,1,1,5,3,3,1,5,5,1,4,2,1,1,2,1,2,2,1,1,5,2,2,1,1,3,2
#374BD5A9,42.5,3,3,1,NA,NA,NA,NA,NA,1,1,3,4,3,1,1,3,3,5,NA,NA,NA,NA,NA,1,1,2,3,4,NA,NA,NA,NA,NA,4,4,4,1,2,4,3,NA,NA,NA,NA,NA,NA,NA,NA,NA,NA,NA,NA,2,2,4,4,2,3,5,4,4,4,1,1,3,NA,NA,NA,3,3,3,2,3,NA,NA,NA,NA,NA,NA,NA,NA,NA,NA,NA,NA,NA,NA,NA,NA,NA,NA,NA,NA,NA,NA,NA,NA,NA,NA,NA,NA,NA,NA,NA,NA,NA,NA,NA,NA,NA,NA,NA,NA,3,3,2,2,3,2,2,NA,NA,NA,NA,NA,NA,NA,NA,NA,NA,NA,NA,NA,NA,NA,NA,NA,NA,NA,NA,NA,NA,NA,NA,NA,NA,NA,NA,NA,NA,NA,NA,NA,NA,2,2,5,5,3,1,1,5,1,1,2,1,4,5,5,5,4,1,1,2,1,1,NA,NA,NA,NA,NA,NA,NA,1,1,2,1,1,2,1,2,2,1,5,5,2,2,1,1,2,2
#37FF8A42,40.5,3,3,3,3,4,4,4,2,1,1,3,4,3,1,1,4,3,3,2,3,3,1,2,3,1,4,3,4,1,1,2,2,1,4,3,3,1,NA,1,4,5,5,4,4,4,3,3,1,4,3,2,4,4,2,4,1,2,2,2,4,2,4,1,1,3,2,2,3,2,2,3,1,1,3,3,4,4,2,2,2,3,3,4,4,1,3,3,1,1,1,5,5,4,4,2,3,5,3,3,5,4,4,2,2,2,2,3,NA,NA,NA,NA,NA,NA,3,3,1,2,3,2,2,4,4,3,3,1,1,2,2,1,4,3,3,3,5,5,4,3,2,3,3,1,1,3,3,2,1,1,4,4,3,2,2,2,2,2,2,3,3,3,1,1,2,4,2,2,1,1,1,1,5,4,NA,NA,NA,NA,NA,1,1,3,3,1,5,5,2,4,2,1,1,2,1,5,2,3,1,4,4,2,4,1,2,4
#380980B1,42,NA,NA,NA,1,3,5,4,3,1,1,3,3,3,1,1,3,3,5,1,3,3,1,2,1,1,3,3,4,NA,NA,1,1,3,3,2,3,5,5,4,2,4,5,1,5,4,1,3,2,1,1,2,1,2,2,1,1,3,3,NA,NA,NA,NA,NA,NA,NA,2,2,1,3,1,3,1,1,3,3,1,4,2,4,1,3,3,4,NA,3,3,NA,1,1,1,NA,NA,4,4,2,5,4,3,3,4,1,4,2,2,2,2,2,NA,NA,NA,NA,2,NA,NA,NA,NA,NA,NA,NA,NA,4,4,3,NA,1,4,NA,NA,NA,NA,NA,NA,NA,NA,5,3,3,4,4,3,1,1,3,NA,2,4,1,1,1,2,2,2,2,5,NA,NA,NA,NA,NA,NA,NA,NA,NA,NA,NA,NA,NA,NA,NA,NA,NA,NA,NA,NA,NA,NA,NA,NA,NA,NA,NA,NA,NA,NA,NA,NA,NA,NA,NA,NA,NA,NA,NA,NA,NA,NA,NA,NA,NA,NA,NA
#386DD085,48.5,3,3,3,4,3,3,4,2,3,2,3,1,3,1,3,1,3,5,2,2,1,2,2,NA,NA,NA,3,4,2,1,3,4,1,1,1,3,3,NA,4,4,2,5,4,3,4,3,NA,2,1,4,2,1,2,2,4,4,1,1,1,4,3,4,1,1,3,2,2,3,1,NA,3,2,1,4,3,1,5,2,4,1,3,3,4,4,3,3,3,1,1,1,NA,NA,NA,NA,NA,4,4,3,3,4,4,4,2,NA,2,2,4,1,5,1,1,2,2,3,3,1,2,2,1,2,4,5,2,1,4,4,NA,NA,NA,NA,NA,NA,NA,NA,1,4,3,2,4,3,NA,NA,NA,NA,NA,NA,NA,1,2,3,1,3,2,3,2,2,3,3,3,1,1,1,3,2,3,1,4,1,1,1,4,5,1,1,2,1,2,1,3,3,1,5,5,3,2,2,1,1,1,2,2,2,5,5,1,2,2,3,2,2,2
#386E9FC9,53.5,3,3,1,3,4,4,4,2,1,1,3,3,3,3,1,4,3,1,5,3,3,2,2,1,1,3,3,4,2,1,2,2,3,3,3,4,5,5,4,4,5,5,4,4,4,3,3,4,4,3,2,1,2,2,4,1,2,2,4,4,3,4,1,1,3,2,2,4,1,2,3,1,1,3,3,4,4,2,4,2,3,3,4,4,3,3,3,1,1,1,5,5,4,4,2,4,1,3,3,5,4,4,3,2,2,2,3,NA,NA,NA,NA,NA,NA,1,3,2,2,3,2,2,2,4,3,3,4,4,NA,NA,NA,NA,NA,NA,NA,NA,NA,NA,NA,NA,NA,NA,1,1,1,1,2,4,4,2,2,2,3,3,3,3,2,2,3,3,3,1,1,2,4,1,2,1,1,1,5,5,4,2,5,2,1,1,5,1,3,3,1,5,5,4,4,2,1,1,2,1,2,2,1,1,5,2,2,3,1,4,4
#386F4512,52,3,3,1,1,3,4,4,2,NA,NA,NA,NA,NA,NA,NA,NA,NA,NA,1,1,5,1,1,1,4,3,3,4,3,2,4,4,4,1,NA,3,5,NA,NA,NA,5,5,4,4,4,NA,NA,2,2,4,2,1,NA,2,1,1,2,2,NA,NA,NA,NA,NA,NA,NA,2,NA,4,4,NA,3,4,1,NA,NA,NA,NA,NA,NA,NA,2,3,4,4,1,NA,NA,NA,NA,NA,NA,NA,4,NA,2,NA,NA,NA,NA,NA,NA,NA,2,2,2,2,3,1,1,2,NA,2,2,NA,NA,NA,NA,NA,NA,NA,NA,NA,NA,NA,NA,NA,2,2,1,1,1,3,3,2,NA,NA,NA,4,4,3,2,1,1,1,2,1,1,NA,NA,NA,NA,NA,NA,NA,2,2,5,5,3,1,1,1,4,3,3,1,1,NA,5,5,1,5,5,3,4,1,3,2,3,3,1,5,5,2,4,2,1,1,2,1,2,2,4,1,1,2,2,1,3,2,3
#3874662A,47,3,3,1,2,3,4,NA,2,3,1,3,4,3,3,1,3,NA,5,1,2,1,3,3,1,NA,3,NA,4,4,2,1,4,4,4,3,3,2,5,4,4,NA,NA,3,4,4,NA,4,2,1,1,3,1,3,2,5,1,3,NA,NA,NA,NA,NA,NA,NA,NA,NA,NA,NA,NA,NA,NA,NA,NA,3,NA,2,1,3,2,2,1,NA,4,NA,4,3,3,1,1,NA,2,1,3,4,2,NA,NA,NA,NA,NA,NA,NA,NA,NA,NA,NA,NA,NA,2,2,NA,2,2,NA,NA,NA,NA,NA,NA,NA,NA,NA,3,3,4,4,NA,NA,2,3,3,3,3,2,NA,2,3,4,4,2,2,2,NA,1,2,2,1,NA,NA,NA,NA,NA,NA,NA,2,2,3,3,3,1,1,4,2,1,2,1,2,4,1,3,NA,1,1,2,2,1,5,1,3,NA,2,5,5,1,1,2,2,NA,2,1,2,2,2,2,3,4,2,3,3,4,4
#38786B2B,19.5,3,3,1,1,4,4,4,2,1,1,3,2,2,1,1,4,3,1,2,NA,5,3,3,1,1,2,3,4,3,2,2,2,1,1,4,3,2,2,3,3,1,1,4,4,2,3,3,1,1,2,2,1,NA,NA,NA,NA,NA,NA,4,4,4,4,1,1,3,3,2,3,3,3,3,2,3,3,2,2,4,3,4,2,3,3,4,4,3,NA,3,1,1,NA,4,4,4,4,2,4,4,3,3,4,4,1,2,2,1,3,3,4,4,1,1,1,2,4,3,2,2,3,1,2,NA,NA,NA,NA,NA,NA,NA,NA,NA,NA,NA,NA,NA,NA,3,4,3,3,3,3,1,1,3,4,2,1,4,NA,NA,NA,NA,NA,NA,NA,2,2,3,3,3,1,1,2,1,1,2,1,4,5,1,5,1,1,1,2,4,1,1,5,3,3,1,5,5,1,1,2,1,1,2,1,2,2,4,5,4,2,2,1,1,2,2
#388E9127,32,2,3,1,3,3,4,4,2,2,1,3,5,3,3,1,3,3,2,2,3,1,4,4,1,1,3,3,4,5,1,2,4,4,1,2,3,3,5,4,4,2,5,1,4,4,NA,NA,NA,NA,NA,NA,NA,2,2,1,4,1,2,NA,NA,NA,NA,NA,NA,NA,3,2,3,NA,NA,NA,NA,NA,3,3,2,4,3,4,1,3,3,4,4,3,3,3,1,1,1,2,5,4,4,2,4,4,3,3,4,2,4,2,2,2,2,3,4,5,1,1,2,2,2,3,2,2,3,3,2,4,4,2,NA,4,4,2,2,1,2,3,3,3,2,NA,NA,NA,NA,NA,NA,2,1,3,1,2,2,2,2,2,2,1,3,2,3,2,2,3,3,3,1,1,3,4,2,2,1,4,1,3,5,5,5,1,2,3,2,2,5,3,3,1,5,5,2,1,2,1,1,2,1,2,2,4,1,2,2,2,2,3,4,2
#3890EF47,20.5,3,3,3,1,4,2,2,NA,NA,NA,NA,NA,NA,NA,NA,NA,NA,NA,2,3,1,1,1,5,3,3,3,4,2,2,5,NA,NA,1,1,1,2,4,4,2,2,5,4,4,5,3,3,1,1,2,2,1,NA,NA,NA,NA,NA,NA,4,4,3,4,2,1,3,3,3,4,1,NA,1,3,3,NA,NA,NA,NA,NA,NA,NA,3,4,4,4,3,2,2,1,1,1,1,NA,4,1,4,5,5,4,4,4,3,3,2,2,5,5,4,3,NA,2,1,1,1,4,3,2,2,3,2,2,2,2,3,NA,3,NA,NA,NA,NA,NA,NA,NA,NA,NA,NA,NA,NA,NA,NA,NA,NA,NA,NA,NA,NA,NA,NA,NA,NA,NA,NA,NA,NA,NA,3,4,3,3,3,1,1,5,5,2,3,1,4,4,5,NA,4,2,1,2,2,1,2,2,2,NA,2,5,NA,1,NA,3,2,2,2,2,2,2,1,1,5,2,NA,1,1,2,2
#3ADB24C5,29,3,3,2,3,4,5,4,2,1,1,3,2,3,1,1,4,3,5,1,3,1,1,2,4,1,1,3,4,4,1,3,2,3,2,4,2,1,5,4,4,5,5,2,4,4,3,3,3,1,1,1,2,2,2,4,1,2,3,5,4,1,4,1,1,3,3,2,3,3,2,3,3,3,3,3,1,5,4,4,1,3,NA,3,4,3,3,3,1,1,1,4,5,5,4,1,5,4,3,3,5,4,4,2,2,4,2,1,1,1,1,1,1,NA,3,3,2,5,3,3,3,4,4,1,1,2,4,2,2,1,3,3,3,3,2,5,4,1,3,4,3,2,1,4,1,2,4,4,1,1,2,3,3,5,5,2,2,3,3,3,2,1,3,4,2,2,1,4,4,1,5,1,1,1,5,2,NA,1,5,2,2,4,4,NA,5,4,2,2,5,2,1,2,2,1,1,3,2,2,3,3,3,2
#3AE5E13E,48.5,1,1,3,3,3,3,3,2,1,1,1,4,3,1,1,4,4,5,1,2,3,2,4,1,1,4,3,4,4,4,1,4,4,4,1,3,1,3,3,2,NA,NA,NA,NA,NA,NA,NA,NA,NA,NA,NA,NA,NA,NA,NA,NA,NA,NA,4,4,4,4,1,1,3,3,3,3,1,NA,3,4,4,3,3,2,2,3,4,1,3,3,4,4,3,3,3,1,1,1,4,1,5,5,2,4,4,3,3,5,4,4,3,4,2,2,3,4,4,2,2,1,2,4,4,1,4,2,3,4,4,4,3,3,3,3,NA,NA,NA,NA,NA,NA,NA,NA,2,2,1,3,3,3,NA,NA,NA,NA,NA,NA,NA,2,2,2,2,2,4,4,2,2,5,3,3,1,1,4,4,1,2,1,4,4,5,5,4,4,4,4,2,2,1,1,3,3,4,5,5,4,4,2,1,1,1,2,5,5,1,1,3,2,2,2,2,2,2
#3AE95487,43,3,3,3,4,4,4,4,2,1,1,3,4,3,3,3,3,3,5,1,3,1,1,2,1,1,3,3,4,1,3,1,4,4,1,1,3,5,5,1,1,5,5,2,5,4,3,3,4,4,4,3,2,1,2,2,2,3,3,3,4,3,4,2,1,3,2,2,3,3,3,3,4,3,2,2,5,4,3,4,1,3,3,4,4,3,2,3,1,1,1,NA,NA,NA,NA,NA,1,1,5,5,5,1,4,2,2,2,2,2,5,5,1,1,1,2,3,3,2,2,3,4,4,4,4,2,2,2,2,4,4,1,3,3,3,3,2,NA,NA,NA,NA,NA,NA,1,2,3,4,2,4,2,1,2,2,3,3,2,3,2,2,3,3,1,1,1,4,4,4,2,1,4,4,5,1,4,5,1,2,2,2,2,4,3,3,1,5,5,1,1,2,2,1,2,1,2,2,5,1,5,4,4,1,1,1,2
#3AF2C60E,46,2,3,1,3,3,4,4,2,NA,NA,3,2,3,4,1,3,3,5,1,3,1,2,2,NA,NA,NA,NA,NA,2,1,1,2,2,2,2,3,5,5,NA,NA,3,5,3,3,3,3,NA,2,1,1,1,3,4,2,4,4,3,3,2,4,4,4,2,2,3,2,2,3,2,2,3,3,3,1,1,NA,4,2,4,3,3,3,4,4,3,4,4,1,1,1,1,1,5,4,2,4,4,3,3,5,4,4,3,2,2,5,3,NA,NA,1,1,2,2,2,1,2,2,4,4,4,NA,NA,NA,NA,NA,NA,NA,NA,NA,NA,NA,NA,NA,NA,NA,NA,NA,NA,NA,NA,NA,NA,NA,NA,NA,NA,NA,NA,NA,NA,NA,NA,NA,NA,4,2,3,3,3,1,1,4,4,1,2,1,4,1,5,5,4,NA,NA,NA,NA,NA,2,5,3,3,1,5,5,NA,NA,2,1,1,2,1,2,2,NA,NA,NA,NA,NA,NA,NA,NA,NA
#3AF2C800,35,NA,NA,NA,NA,NA,NA,NA,NA,NA,NA,NA,NA,NA,NA,NA,NA,NA,NA,NA,NA,NA,NA,NA,NA,NA,NA,NA,NA,NA,NA,NA,NA,NA,NA,NA,NA,NA,NA,NA,NA,NA,NA,NA,NA,NA,NA,NA,NA,NA,NA,NA,NA,NA,NA,NA,NA,NA,NA,4,4,4,4,1,1,3,NA,NA,NA,NA,NA,NA,NA,NA,3,3,4,4,1,4,4,4,3,3,4,3,3,3,1,2,1,1,4,2,4,2,4,4,5,3,4,4,NA,2,2,NA,2,3,4,4,2,1,2,NA,3,3,2,2,3,2,2,5,4,NA,3,3,3,3,2,4,3,3,1,1,2,3,4,3,NA,3,NA,1,1,2,1,2,2,1,1,3,2,NA,NA,3,3,2,2,3,3,3,1,1,4,4,1,2,1,1,1,5,5,1,5,1,2,1,1,2,5,3,3,1,5,5,2,2,2,1,1,2,1,2,2,1,1,5,2,2,4,2,2,2
#3AF3468F,24.5,NA,NA,NA,NA,NA,NA,NA,NA,NA,NA,NA,NA,NA,NA,NA,NA,NA,NA,2,2,2,4,2,NA,NA,NA,NA,NA,NA,NA,NA,NA,NA,NA,NA,NA,NA,NA,NA,NA,NA,NA,NA,NA,NA,NA,NA,NA,NA,NA,NA,NA,NA,NA,NA,NA,NA,NA,NA,NA,NA,NA,NA,NA,NA,NA,NA,NA,NA,NA,NA,NA,NA,NA,NA,NA,NA,NA,NA,NA,NA,NA,NA,NA,NA,NA,NA,NA,NA,NA,NA,NA,NA,NA,NA,NA,NA,NA,NA,NA,NA,NA,NA,NA,NA,NA,NA,NA,NA,NA,NA,NA,NA,NA,NA,NA,NA,NA,NA,NA,NA,NA,NA,NA,NA,NA,NA,NA,NA,NA,NA,NA,NA,NA,NA,NA,NA,NA,NA,NA,NA,NA,NA,NA,NA,NA,NA,NA,NA,NA,NA,NA,NA,NA,NA,NA,NA,NA,NA,NA,NA,NA,NA,NA,NA,NA,NA,NA,NA,NA,NA,NA,NA,NA,NA,NA,NA,NA,NA,NA,NA,NA,NA,NA,NA,NA,NA,NA,NA,NA,NA,NA,NA,NA,NA,NA,NA,NA,NA,NA,NA
#3AF575BA,68,3,3,1,3,3,4,4,2,NA,NA,NA,NA,NA,NA,NA,NA,NA,NA,3,3,1,1,2,1,1,4,3,4,2,1,2,2,2,2,2,4,5,5,4,4,5,5,4,5,4,3,3,1,1,1,2,1,3,2,4,4,1,1,4,4,4,4,1,1,3,2,2,3,1,2,3,1,1,3,3,4,4,2,4,4,3,3,4,4,3,3,3,1,1,1,4,4,4,4,2,4,4,5,3,5,4,4,2,2,5,2,3,5,5,1,1,2,2,3,3,2,2,3,NA,2,4,4,3,4,1,4,2,2,1,1,1,3,3,2,4,4,3,4,4,5,1,1,1,1,2,4,4,2,2,2,3,3,2,2,2,2,3,3,3,1,1,2,2,2,2,1,1,1,5,5,4,1,1,2,1,1,5,5,4,3,4,5,5,4,4,2,1,1,2,1,2,2,1,1,5,2,2,3,1,2,2
#3AFC8345,44,1,3,3,4,4,2,4,2,1,1,3,3,3,1,1,3,NA,3,3,3,1,1,2,4,1,2,3,4,3,5,2,2,1,3,1,2,4,5,3,5,5,5,4,5,4,3,3,2,1,3,1,2,2,2,4,1,3,3,4,4,4,4,4,1,3,2,2,3,1,1,3,1,1,1,1,3,4,2,4,1,3,3,4,4,3,3,3,1,1,1,5,NA,4,4,4,3,4,4,3,5,4,4,4,2,2,2,3,1,1,1,4,1,1,1,3,2,3,3,2,2,5,4,4,2,4,4,5,2,2,5,5,1,3,5,2,4,2,2,4,3,2,1,1,NA,2,1,1,4,2,2,2,2,5,5,2,2,2,3,3,1,1,4,1,NA,2,1,1,1,5,5,5,1,1,2,2,1,5,5,3,3,1,5,5,4,4,2,1,1,2,1,2,2,4,1,5,2,2,4,1,2,2
#3AFCD81E,37,1,3,3,3,3,4,4,2,1,NA,3,3,3,1,1,1,3,3,2,3,1,3,NA,4,1,3,3,2,3,1,1,1,4,NA,NA,NA,NA,NA,1,4,3,3,2,3,4,2,3,3,1,1,1,2,4,2,4,4,2,3,2,4,4,4,1,1,3,2,2,NA,3,3,2,3,1,NA,NA,NA,NA,NA,NA,NA,3,3,4,4,3,5,3,2,1,NA,3,1,2,4,2,3,3,3,3,NA,1,1,2,2,2,2,3,2,NA,1,1,1,1,3,3,5,5,3,2,2,4,4,2,3,4,4,5,5,1,3,3,2,3,1,3,5,4,2,3,5,2,2,3,3,2,2,NA,2,2,2,2,2,2,2,4,4,1,3,3,2,2,5,4,5,NA,NA,NA,NA,2,1,1,1,4,5,1,1,5,5,2,3,2,5,5,4,4,2,1,5,2,4,2,2,4,1,3,4,2,4,2,2,2
#3AFD06C1,44,3,3,3,3,4,4,4,2,1,1,3,3,5,1,1,3,3,5,2,3,1,4,3,1,1,3,3,4,1,1,3,4,1,1,2,4,5,5,NA,NA,4,4,5,5,4,3,NA,1,1,1,2,1,4,4,3,3,2,2,1,4,4,4,1,1,3,2,2,4,NA,NA,NA,NA,NA,1,1,3,4,2,4,4,3,3,4,4,4,3,3,1,1,1,1,1,4,4,2,4,2,1,3,4,4,4,2,2,5,5,3,NA,NA,NA,NA,NA,NA,3,3,2,2,3,2,2,NA,1,3,3,1,4,NA,NA,NA,NA,NA,NA,NA,NA,NA,NA,NA,NA,NA,NA,1,1,4,4,2,2,2,NA,NA,NA,NA,NA,NA,NA,2,2,3,3,3,1,1,1,1,2,2,1,1,1,5,5,4,4,5,2,3,1,2,5,3,3,1,1,1,NA,NA,NA,NA,NA,NA,NA,NA,NA,5,5,3,2,2,1,1,4,4
#3B013903,43,NA,NA,NA,4,4,4,4,2,1,1,3,3,4,3,1,3,3,5,3,3,1,3,3,1,1,3,NA,4,NA,NA,NA,NA,NA,4,1,4,3,NA,3,4,3,NA,4,4,4,NA,NA,NA,NA,NA,NA,NA,NA,NA,NA,NA,NA,NA,4,4,4,4,1,1,3,NA,NA,NA,NA,NA,NA,NA,NA,NA,NA,NA,NA,NA,NA,NA,NA,NA,NA,NA,NA,NA,NA,NA,NA,NA,NA,NA,NA,NA,NA,NA,NA,NA,NA,NA,NA,NA,NA,NA,NA,NA,NA,NA,NA,NA,NA,NA,NA,4,NA,2,2,3,1,1,NA,NA,NA,NA,NA,NA,NA,NA,NA,NA,NA,NA,NA,NA,2,3,3,2,3,5,NA,NA,NA,NA,NA,NA,NA,NA,NA,NA,NA,NA,NA,NA,2,2,3,3,3,1,1,1,2,1,1,1,1,1,5,5,4,4,1,2,1,1,NA,NA,NA,NA,NA,NA,NA,NA,NA,NA,NA,NA,NA,NA,NA,NA,1,1,5,2,2,2,3,2,2
#3B03BF87,64.5,3,3,1,4,4,4,4,2,1,1,3,3,3,NA,1,3,3,3,2,3,1,1,2,5,NA,3,3,4,2,2,2,2,2,2,1,3,5,5,3,3,5,5,4,3,4,1,2,4,2,NA,1,2,3,3,4,1,2,3,NA,NA,4,4,1,1,3,2,2,3,1,1,3,1,NA,1,1,4,4,2,1,1,3,3,4,4,4,3,NA,1,1,NA,2,2,1,4,2,4,4,3,3,4,1,1,2,2,2,NA,2,4,4,1,1,1,NA,3,3,2,2,3,2,NA,4,4,3,NA,4,4,NA,NA,2,3,3,3,3,2,2,2,1,2,2,3,2,2,2,2,2,2,2,NA,NA,NA,NA,NA,NA,NA,2,2,3,3,3,2,1,2,4,1,1,1,1,1,5,5,4,1,1,2,3,1,5,5,4,3,2,5,5,NA,4,2,2,1,2,2,2,2,1,1,5,2,2,4,4,1,NA
#3B03E5DD,43.5,1,2,1,NA,NA,NA,NA,NA,1,NA,3,3,3,2,1,4,3,1,2,3,1,2,2,4,1,3,3,4,3,1,2,NA,4,2,2,4,5,5,4,4,5,5,2,5,4,3,NA,NA,2,3,1,1,2,2,4,4,1,3,1,4,2,4,1,2,3,2,NA,3,3,2,3,2,3,4,3,1,4,3,4,4,1,3,4,4,1,5,NA,1,1,1,2,4,NA,2,2,3,4,5,5,4,1,4,2,2,5,5,3,2,3,1,NA,2,NA,2,3,1,2,3,4,4,NA,NA,3,NA,NA,NA,NA,NA,NA,2,2,NA,1,NA,5,NA,1,4,4,3,2,1,NA,NA,1,2,4,NA,NA,NA,NA,NA,NA,NA,4,NA,2,3,3,2,1,5,1,3,2,1,4,1,5,NA,5,3,1,5,1,1,5,5,3,3,1,4,1,4,4,2,1,1,2,1,2,2,5,1,5,2,2,2,3,3,2
#3B045867,51,3,3,1,4,4,4,4,2,1,1,3,3,3,1,1,3,3,3,3,3,1,1,1,1,1,4,3,4,1,1,2,2,1,2,2,4,5,5,1,2,1,5,5,5,4,3,3,2,1,2,2,1,1,2,4,1,2,2,4,4,4,4,1,1,4,2,2,3,3,3,3,1,1,NA,NA,NA,NA,NA,NA,NA,3,3,4,4,3,3,3,1,1,1,5,4,4,4,2,4,4,3,3,5,1,4,NA,NA,NA,NA,NA,4,4,1,1,2,2,1,1,2,2,3,2,5,4,4,3,3,5,1,2,2,1,3,3,3,3,2,4,4,1,3,4,3,1,1,3,3,2,1,2,NA,NA,NA,NA,NA,NA,NA,1,2,1,3,3,1,1,1,1,2,2,1,1,1,5,5,4,5,1,2,2,1,2,5,3,3,1,5,5,3,1,2,1,1,2,1,2,2,1,1,5,2,2,2,3,3,2
#3B067C41,30.5,1,1,3,3,4,4,5,2,4,1,3,3,3,3,1,3,3,4,2,3,4,4,4,1,NA,3,3,4,1,1,2,2,3,1,2,3,2,1,4,3,5,NA,1,4,4,2,3,1,1,1,2,1,NA,NA,NA,NA,NA,NA,1,4,3,4,1,1,3,2,2,3,1,3,3,1,1,3,3,NA,4,2,2,4,3,3,4,4,NA,1,1,NA,1,NA,2,1,3,4,2,4,5,3,3,5,4,4,2,2,2,2,3,2,5,1,NA,1,1,2,3,2,2,2,2,2,4,4,1,1,4,4,5,4,1,3,3,3,NA,2,5,5,1,2,2,3,1,1,3,3,2,2,1,2,2,2,3,3,2,2,4,2,1,3,3,1,1,1,4,2,4,1,1,1,1,1,4,2,1,2,3,1,1,1,3,3,1,5,5,2,4,2,1,1,2,2,2,2,1,3,5,2,2,3,3,4,4
#3B0B2111,63,NA,NA,NA,4,4,4,4,2,1,1,3,3,3,3,3,3,3,3,3,3,1,2,2,1,1,3,3,4,1,1,2,NA,1,2,2,4,5,NA,4,4,NA,5,5,5,4,1,NA,2,1,2,2,1,NA,NA,NA,NA,NA,NA,4,4,4,4,1,1,3,2,2,3,NA,NA,NA,NA,NA,3,3,5,5,2,1,1,3,3,4,4,3,NA,NA,NA,NA,NA,4,4,4,4,2,NA,NA,NA,NA,NA,NA,NA,NA,NA,NA,NA,NA,NA,NA,NA,NA,NA,NA,3,3,2,2,3,2,2,4,4,3,3,1,1,NA,NA,NA,NA,NA,NA,NA,NA,4,4,3,4,4,3,1,1,1,1,2,1,4,NA,NA,NA,NA,NA,NA,NA,2,2,3,3,3,2,2,4,4,2,2,1,1,1,5,5,4,1,1,2,1,1,5,5,3,3,1,5,5,1,4,2,1,1,2,1,2,2,1,1,5,2,2,1,1,3,3
#3B0C96A1,47.5,2,3,3,4,3,1,4,2,1,1,3,5,5,3,1,3,3,5,2,2,2,4,4,1,1,4,3,3,2,3,2,2,2,4,2,3,5,NA,4,4,5,5,3,2,4,3,3,2,2,2,2,NA,2,2,5,1,2,2,2,4,4,4,1,1,3,2,5,3,2,3,2,2,1,2,5,1,1,4,4,4,3,3,4,4,5,NA,NA,NA,NA,NA,1,NA,2,3,2,NA,NA,NA,NA,NA,NA,NA,2,2,2,5,5,1,1,1,1,1,1,3,3,3,2,3,4,4,3,4,1,1,1,2,2,2,1,5,5,3,3,2,4,4,3,5,3,5,3,3,1,1,4,4,3,5,4,5,1,1,5,5,2,2,3,3,3,1,1,1,2,2,2,1,4,1,5,5,4,1,1,2,3,1,2,2,3,3,1,5,5,2,4,2,1,1,1,1,2,2,1,1,5,2,2,1,4,2,2
#3B0D6F59,22.5,3,2,3,4,4,4,4,2,1,1,1,4,2,1,1,2,3,3,2,2,2,4,4,4,4,2,3,4,2,1,1,4,4,4,4,3,5,5,4,2,2,5,3,3,4,3,3,2,1,1,2,2,3,3,1,4,3,3,1,5,NA,4,1,1,3,NA,NA,NA,NA,NA,NA,NA,NA,NA,NA,NA,NA,NA,NA,NA,NA,NA,NA,NA,NA,3,3,1,1,1,NA,NA,NA,NA,NA,2,4,3,5,4,2,4,2,2,2,2,3,NA,NA,NA,NA,NA,NA,2,4,2,2,3,4,2,4,4,1,3,1,4,NA,NA,NA,NA,NA,NA,NA,NA,NA,NA,NA,NA,NA,NA,2,1,3,3,1,1,1,NA,NA,NA,NA,NA,NA,NA,2,2,4,4,3,1,1,2,5,2,2,1,2,1,1,5,2,4,1,5,2,1,1,1,3,3,1,5,5,1,4,2,NA,2,2,1,2,2,NA,NA,NA,NA,NA,NA,NA,NA,NA
#3B0D8BBD,61.5,3,3,1,3,3,4,4,2,1,1,3,3,3,3,3,3,3,2,NA,NA,NA,NA,NA,1,1,3,3,4,4,2,2,2,1,2,2,2,5,5,4,4,3,3,5,4,4,3,3,1,1,2,2,1,2,2,1,4,1,1,1,5,4,4,2,5,3,NA,NA,NA,3,3,3,1,1,3,3,1,1,3,1,1,3,3,4,4,4,3,3,1,1,1,1,5,4,4,4,5,5,3,3,5,4,4,2,2,2,2,4,4,4,2,2,2,2,3,3,2,2,3,1,1,5,5,3,3,4,1,1,2,2,1,3,3,3,2,NA,NA,NA,NA,NA,NA,1,1,3,4,2,4,1,1,1,2,3,3,2,2,2,2,3,3,3,1,1,2,4,1,1,2,1,1,5,5,4,4,4,2,2,1,NA,NA,NA,NA,NA,NA,NA,2,2,2,1,1,2,2,2,2,1,1,5,2,2,1,1,2,2
#3B0D9AAC,66,3,3,1,3,3,4,4,2,1,1,3,3,3,1,1,3,3,3,3,3,3,1,2,1,1,3,3,4,1,1,2,2,4,2,1,4,5,NA,4,4,5,5,5,5,4,3,3,3,3,4,4,1,2,2,4,4,3,3,4,4,4,4,1,1,3,2,2,1,2,2,3,4,4,3,3,5,5,2,4,4,3,3,4,NA,3,3,3,1,1,1,1,1,4,4,2,4,4,3,3,5,4,4,2,2,5,5,3,2,5,1,1,2,2,3,3,2,2,3,2,2,4,4,3,3,NA,4,4,2,4,1,3,3,3,2,4,4,3,4,4,3,1,1,1,1,2,2,2,NA,NA,NA,NA,NA,NA,NA,2,2,3,3,3,2,1,2,2,2,2,1,1,1,5,5,4,1,1,2,1,1,5,5,4,3,1,5,5,4,4,2,1,1,2,1,2,2,1,1,5,2,2,5,3,2,2
#3B0DD3E5,64.5,2,3,1,3,4,4,4,2,2,1,3,1,3,1,1,3,3,5,5,3,3,2,2,1,1,4,3,4,3,1,4,2,1,3,1,4,5,5,4,4,5,5,5,5,4,3,3,3,1,1,2,1,2,2,3,1,3,2,1,4,4,4,2,1,3,2,2,3,2,2,3,3,1,3,3,5,4,2,1,1,3,3,3,4,4,3,3,1,1,1,5,5,5,4,2,4,4,3,3,5,4,4,2,2,2,2,3,1,5,1,1,2,2,3,3,2,2,3,2,2,5,4,4,2,4,4,1,2,2,3,3,1,3,5,4,4,3,2,4,3,1,1,1,NA,2,4,1,2,2,2,3,3,5,5,2,2,5,3,3,1,1,4,1,2,2,1,4,1,5,5,4,1,1,5,1,1,2,5,3,3,1,5,5,1,4,2,1,1,2,1,2,2,5,1,5,2,2,2,1,2,2
#3B0ECFFA,42.5,NA,NA,NA,4,4,4,4,2,NA,NA,NA,NA,NA,NA,NA,NA,NA,NA,NA,NA,NA,NA,NA,NA,NA,NA,NA,NA,1,1,2,2,3,4,4,3,1,NA,NA,NA,NA,NA,NA,NA,NA,3,3,3,1,1,1,2,NA,NA,NA,NA,NA,NA,5,5,4,4,1,1,3,NA,NA,NA,NA,NA,NA,NA,NA,NA,NA,NA,NA,NA,NA,NA,NA,NA,NA,NA,NA,NA,NA,NA,NA,NA,NA,NA,NA,NA,NA,NA,NA,NA,NA,NA,NA,NA,NA,NA,NA,NA,NA,NA,NA,NA,NA,NA,NA,NA,NA,NA,NA,NA,NA,NA,NA,NA,NA,NA,NA,NA,NA,NA,NA,NA,NA,NA,NA,NA,5,5,3,4,4,3,1,1,4,4,2,2,2,NA,NA,NA,NA,NA,NA,NA,1,1,3,3,3,2,1,2,2,2,2,1,2,1,1,1,2,NA,NA,NA,NA,NA,NA,NA,NA,NA,NA,NA,NA,1,1,2,1,1,2,2,2,2,NA,NA,NA,NA,NA,NA,NA,NA,NA
#3B0F784C,66.5,3,3,1,1,4,4,4,2,1,1,3,3,3,1,1,3,3,5,3,3,1,2,2,1,1,3,3,4,1,1,2,2,1,2,2,4,5,5,4,4,2,5,5,5,4,4,1,1,1,2,2,1,3,2,1,1,2,2,4,4,4,4,1,1,3,2,2,3,1,3,3,1,1,1,1,4,4,2,1,1,3,3,4,4,4,3,3,1,1,1,5,5,4,4,5,NA,NA,NA,NA,NA,NA,NA,2,2,2,2,3,NA,NA,NA,NA,NA,NA,3,3,2,2,3,2,2,4,4,4,2,4,1,2,2,1,3,NA,4,3,2,3,4,3,4,4,3,1,NA,1,1,2,1,NA,2,2,2,3,3,2,3,2,2,3,3,3,1,1,5,1,2,2,1,1,1,5,5,4,1,1,2,2,1,5,5,3,3,1,5,5,4,4,2,1,1,2,1,2,2,1,1,5,2,2,1,1,2,2
#3B0F8CB8,37,3,3,3,NA,NA,NA,NA,NA,1,1,3,4,3,1,1,3,3,5,NA,NA,NA,NA,NA,4,1,4,3,1,NA,NA,NA,NA,NA,2,1,3,2,NA,4,3,2,NA,NA,NA,4,3,3,3,NA,3,1,1,NA,NA,NA,NA,NA,NA,1,1,4,4,2,2,3,2,2,3,NA,NA,NA,NA,NA,NA,NA,NA,NA,NA,NA,NA,NA,NA,NA,NA,NA,NA,NA,NA,NA,NA,NA,NA,NA,NA,NA,3,1,3,3,4,4,1,NA,NA,NA,NA,NA,3,1,1,1,2,2,3,3,2,2,3,2,4,5,3,1,NA,2,NA,4,4,1,1,NA,2,3,2,2,NA,5,4,2,3,2,1,3,NA,2,2,NA,NA,NA,NA,NA,NA,NA,NA,2,2,1,1,3,1,1,1,4,3,2,1,4,1,1,5,1,2,1,5,1,1,2,2,4,3,1,4,5,NA,NA,NA,NA,NA,NA,NA,NA,NA,1,1,5,2,4,2,2,3,3
#3B12FFD6,38.5,2,2,2,1,1,3,3,2,1,1,3,5,5,4,4,3,NA,4,5,5,1,4,NA,4,4,1,1,4,1,1,2,2,4,1,3,3,5,NA,3,3,5,NA,4,4,NA,2,NA,2,3,2,2,1,1,NA,4,NA,2,1,4,NA,4,4,1,1,3,2,2,3,3,4,3,NA,3,1,1,3,NA,NA,3,3,3,NA,4,4,4,2,2,3,1,1,1,1,4,4,2,4,4,5,5,5,1,NA,2,2,5,NA,3,4,4,2,2,1,1,3,3,3,2,3,2,2,5,NA,3,NA,3,3,NA,NA,NA,NA,NA,NA,NA,NA,NA,NA,NA,NA,NA,NA,1,1,2,2,2,4,4,NA,NA,NA,NA,NA,NA,NA,2,2,5,5,3,1,1,4,4,3,3,1,1,4,5,4,4,2,2,NA,2,2,2,2,3,3,1,5,5,2,2,2,1,1,1,1,2,2,5,5,5,2,2,2,2,2,2
#3B14A788,40,1,3,1,3,3,4,4,2,1,1,3,3,3,3,3,3,3,5,3,3,2,1,1,3,1,3,3,4,1,1,4,2,4,4,1,3,4,5,4,4,5,5,1,5,4,3,3,3,1,4,2,1,2,2,5,1,3,2,1,4,4,4,1,1,3,2,2,3,3,3,3,1,1,3,3,3,4,2,2,1,3,3,4,4,1,3,3,1,1,1,4,5,5,4,2,4,4,3,3,5,4,4,2,2,2,2,3,2,1,1,1,1,1,2,3,2,2,3,2,2,3,4,1,1,1,1,2,2,1,3,3,3,3,2,2,4,1,3,4,3,1,NA,3,1,2,2,2,4,2,2,3,3,2,5,2,2,3,3,3,1,1,1,4,2,2,1,4,1,2,2,5,4,1,2,4,1,2,5,3,3,1,5,5,1,1,2,1,1,2,1,2,2,5,1,3,2,2,1,3,3,3
#3B14E3CC,57,2,2,1,1,3,4,4,2,2,1,3,2,3,1,1,3,3,5,2,2,2,2,1,1,NA,2,3,4,2,2,1,2,3,2,2,4,5,5,4,4,4,5,3,5,4,3,3,3,2,2,2,1,2,2,1,4,1,1,1,4,4,4,1,1,3,2,2,4,2,2,3,3,4,3,3,4,4,2,4,4,3,3,4,4,4,3,3,1,1,NA,4,4,2,4,2,3,4,3,3,4,4,4,3,3,2,NA,3,5,5,1,1,2,2,2,4,1,2,3,4,4,4,4,3,NA,2,4,3,NA,1,NA,NA,3,NA,NA,2,3,4,1,4,3,1,1,1,2,2,2,1,1,2,2,3,3,2,3,4,4,3,3,3,1,1,1,1,2,2,1,1,1,4,5,4,5,1,2,1,1,1,1,3,3,1,5,5,1,1,2,1,1,2,2,3,2,5,5,5,2,2,2,3,3,2
#3B15D4FA,73.5,2,3,1,1,1,4,4,2,1,1,3,3,3,1,1,3,3,3,3,3,1,2,2,1,1,3,3,4,2,1,2,2,1,2,2,4,5,5,2,4,3,5,4,5,4,3,3,3,1,3,1,1,3,2,1,1,2,2,4,4,4,4,1,1,3,2,2,3,1,1,3,1,1,1,3,1,4,2,4,1,4,3,4,4,4,3,3,1,1,1,1,1,4,4,2,4,4,3,3,5,4,4,2,2,2,2,3,5,5,1,2,1,2,1,3,2,2,3,2,5,4,4,3,3,4,4,2,2,1,3,3,3,3,2,4,4,3,4,NA,3,2,2,1,1,2,1,2,2,2,2,3,3,5,5,2,2,3,3,3,1,1,1,1,2,2,1,1,1,5,5,4,1,1,2,1,1,5,5,3,3,1,5,5,1,4,2,1,1,2,1,2,2,1,1,5,2,2,2,1,2,2
#3B16CAE7,53.5,2,3,1,3,3,4,4,2,1,1,3,3,3,1,1,3,3,3,2,2,3,2,2,1,1,3,3,4,1,1,4,2,1,1,3,3,4,5,2,2,3,5,5,5,4,2,2,2,2,1,NA,1,2,2,1,1,2,3,4,4,4,4,1,1,3,2,2,4,1,1,3,3,1,1,1,1,4,2,1,1,3,3,4,4,4,3,3,1,1,1,1,5,4,4,2,4,4,3,3,5,4,4,2,2,2,2,3,4,1,1,1,2,2,3,3,2,2,3,3,2,NA,NA,NA,NA,NA,NA,2,2,1,3,3,3,3,2,4,4,3,4,4,3,NA,NA,NA,NA,NA,NA,NA,3,3,2,3,2,3,3,2,2,4,3,3,1,1,1,4,1,1,1,1,1,5,NA,4,1,1,2,1,1,5,2,3,3,2,5,5,1,1,2,1,1,2,2,2,2,1,5,5,2,2,1,3,2,3
#3B17173B,60.5,3,3,1,3,NA,4,4,2,1,1,3,2,3,3,3,3,NA,3,1,2,2,3,3,1,1,3,NA,4,2,2,2,4,1,2,4,3,3,3,4,4,5,5,5,5,4,3,3,2,1,3,3,1,2,2,1,1,3,3,5,5,4,4,1,1,3,2,2,3,3,2,3,1,1,3,3,1,1,4,4,1,1,3,4,4,4,3,3,1,1,1,1,1,5,4,2,4,4,5,3,4,4,4,2,2,2,2,3,1,5,2,2,2,2,3,2,2,2,3,2,2,5,4,3,3,4,4,2,NA,1,3,2,3,3,2,5,4,3,3,4,3,NA,NA,3,1,2,1,3,2,2,3,3,3,2,2,2,2,3,3,3,1,1,2,2,2,2,1,1,1,1,5,4,3,1,4,3,1,1,1,4,3,1,5,5,1,1,2,1,2,2,2,2,2,1,1,5,2,2,3,3,2,4
#3B171E32,41,1,3,1,3,3,4,4,2,2,2,3,3,3,3,1,4,3,2,3,3,2,2,2,1,1,2,3,4,2,1,3,2,3,4,2,3,1,5,4,2,5,5,1,3,4,3,3,2,1,3,2,1,2,2,5,3,2,2,1,4,4,4,1,1,3,2,2,3,2,3,3,3,1,3,3,2,1,4,NA,1,3,3,1,1,1,4,3,1,3,3,3,4,4,4,2,4,4,3,3,4,NA,1,3,2,2,2,3,3,4,2,2,2,2,3,3,2,2,3,2,2,5,4,3,3,4,4,4,2,4,3,NA,3,3,2,2,4,5,3,2,3,2,1,3,1,2,1,1,4,4,3,3,2,1,1,2,2,3,3,3,1,1,1,2,2,NA,1,1,1,5,5,5,1,1,2,2,1,1,5,3,3,1,5,5,2,2,2,1,1,2,1,3,2,4,1,1,2,NA,3,3,3,3
#3B185B78,66,3,3,1,3,3,4,4,2,1,1,3,2,3,1,1,3,3,3,1,3,1,3,1,3,1,3,3,4,2,2,2,2,1,2,2,4,1,1,4,2,5,5,4,4,4,3,3,2,2,2,2,1,4,3,4,3,3,3,1,1,4,4,1,1,3,2,2,3,NA,NA,NA,NA,NA,1,1,1,1,2,4,4,1,1,3,3,3,3,3,1,1,1,4,4,4,4,2,4,4,3,3,4,4,4,NA,NA,NA,NA,NA,4,4,1,1,2,2,3,3,2,2,3,2,2,4,4,3,3,4,4,1,4,2,3,3,3,3,2,3,3,3,4,3,3,1,1,4,4,2,2,2,4,2,2,3,3,2,2,2,2,3,3,3,1,1,1,4,2,2,1,1,1,5,5,4,2,1,2,2,1,5,5,3,3,1,5,5,1,1,2,1,1,2,1,2,2,1,1,5,1,2,2,3,2,2
#3B1B4666,33,2,3,3,3,4,2,4,2,3,1,3,3,3,3,3,3,3,2,2,4,1,1,2,NA,NA,4,4,4,4,2,2,NA,4,1,1,4,5,5,2,2,5,5,4,4,4,1,2,2,2,1,1,2,2,3,2,1,1,1,1,4,4,4,1,1,3,3,2,3,2,NA,3,1,1,3,1,1,3,2,1,1,3,3,3,3,3,3,3,1,1,1,4,4,4,4,3,4,4,3,3,4,4,4,4,NA,2,2,3,4,NA,1,1,1,1,2,3,2,2,2,2,2,1,4,3,3,1,4,1,3,1,1,1,3,2,2,2,2,3,2,2,3,2,2,3,3,2,4,1,2,2,2,3,2,2,2,2,2,NA,3,3,1,1,1,1,2,2,1,1,1,1,5,4,3,1,5,4,1,2,5,2,3,2,1,1,1,4,2,2,2,2,1,2,2,1,1,5,2,4,1,4,2,2
#3B1E6247,46.5,3,3,3,3,3,5,4,2,3,1,3,5,3,3,1,3,3,3,2,1,1,4,1,1,1,3,3,4,1,2,2,4,2,3,3,4,4,5,4,NA,5,4,2,5,4,3,3,3,1,2,2,1,3,3,2,2,3,3,1,1,NA,NA,5,1,3,1,2,3,1,2,3,1,NA,2,2,4,1,3,2,3,4,3,4,4,4,5,3,1,1,1,4,4,5,4,2,4,4,4,3,4,4,4,2,NA,2,3,3,3,4,1,1,1,2,4,2,3,2,3,2,NA,4,4,3,3,4,4,5,5,1,3,3,3,3,2,2,2,3,4,3,3,1,1,3,4,2,2,2,4,4,3,2,3,NA,2,2,2,3,3,3,1,1,1,4,3,2,1,4,4,1,1,3,5,1,2,4,2,NA,NA,NA,NA,NA,NA,NA,1,1,3,1,1,2,1,2,2,5,4,3,2,2,1,1,1,2
#3B21041E,46.5,2,2,1,3,3,4,4,2,1,1,3,3,3,1,1,3,3,3,1,3,1,1,1,3,3,3,3,4,1,1,1,2,1,4,2,3,4,NA,4,4,3,5,2,2,4,NA,NA,NA,NA,NA,NA,NA,2,2,1,1,2,2,5,5,1,4,1,1,3,2,2,3,1,2,3,1,1,1,3,4,4,2,3,1,3,3,4,4,4,3,3,1,1,1,2,2,2,2,2,4,4,3,3,4,1,4,2,2,2,2,3,4,5,2,2,1,2,1,1,2,2,3,2,2,4,4,1,1,1,2,NA,1,1,1,1,1,3,2,2,2,1,2,2,3,1,1,3,3,2,1,1,1,3,2,3,3,5,2,2,2,3,3,3,2,1,4,4,NA,NA,NA,NA,NA,NA,NA,NA,1,1,2,3,1,2,1,3,3,1,5,5,NA,NA,NA,NA,NA,NA,NA,NA,NA,4,1,4,2,4,2,2,3,3
#3B22CAD3,41,3,3,1,3,1,4,4,2,1,1,1,5,4,3,1,3,3,3,2,3,1,3,2,1,1,3,3,4,NA,NA,NA,NA,NA,2,3,4,4,4,2,1,3,3,4,4,4,3,3,NA,1,4,4,1,2,2,5,3,2,2,NA,1,4,4,1,1,3,2,2,3,3,3,1,4,4,1,1,1,1,2,1,1,3,3,4,4,3,NA,NA,NA,NA,NA,1,1,4,4,2,4,1,3,3,4,4,4,2,2,1,1,3,2,1,1,1,2,2,4,3,2,2,3,NA,3,4,4,1,1,4,4,2,2,1,4,3,3,3,2,5,5,3,3,3,3,1,1,3,3,2,1,1,4,2,2,4,3,4,3,NA,NA,NA,NA,NA,NA,NA,NA,NA,2,2,1,4,1,1,5,4,5,1,2,1,1,5,5,3,3,1,5,5,4,4,2,1,1,2,2,2,2,NA,NA,NA,NA,NA,NA,NA,NA,NA
#3B27FCE0,63.5,3,3,3,1,1,4,4,2,1,1,3,3,3,1,1,3,3,3,3,3,3,1,1,1,1,3,3,4,2,1,2,2,1,2,2,4,5,NA,2,2,5,5,4,5,4,1,3,3,2,1,2,1,2,2,1,1,1,2,5,4,4,4,1,1,3,2,2,3,NA,NA,NA,NA,NA,1,1,1,1,2,4,4,3,3,3,3,3,3,3,1,1,1,5,5,1,4,1,4,NA,3,3,5,4,4,2,2,2,2,3,1,1,1,1,1,2,3,3,2,2,3,2,2,1,4,3,3,4,4,3,3,1,3,3,3,3,2,5,5,3,3,3,3,1,1,1,1,2,4,4,2,2,2,2,2,4,2,2,2,3,3,3,2,2,4,4,2,2,1,1,1,5,5,4,1,1,2,2,1,1,5,3,3,1,3,5,2,2,2,1,1,2,2,2,2,1,1,5,4,2,3,3,3,3
#3B28EBF8,44.5,3,3,3,3,3,4,4,2,1,1,3,3,3,1,1,3,3,3,1,1,3,2,1,1,1,3,3,4,1,1,2,2,4,1,2,4,5,NA,4,4,5,5,2,4,4,3,NA,2,2,4,4,1,2,2,3,4,1,2,1,4,3,4,1,1,3,NA,NA,3,1,NA,3,1,1,1,1,1,4,4,1,3,3,3,4,4,3,3,3,1,1,1,2,1,5,5,2,1,1,3,3,4,4,4,2,NA,2,2,3,4,4,2,2,2,2,3,3,2,2,3,4,4,4,4,2,3,3,4,2,2,1,3,3,3,3,2,5,5,4,3,3,3,2,2,1,3,2,2,2,2,2,3,2,3,2,2,2,2,3,3,3,1,1,4,4,2,2,1,4,1,5,5,4,3,1,2,1,1,2,5,3,3,1,5,5,1,4,2,1,1,2,1,2,2,1,1,5,2,2,2,3,4,2
#3B2A6372,55.5,NA,NA,NA,NA,NA,NA,NA,NA,NA,NA,NA,NA,NA,NA,NA,NA,NA,NA,NA,NA,NA,NA,NA,NA,NA,NA,NA,NA,NA,NA,NA,NA,NA,3,3,3,5,5,4,4,5,5,4,3,4,3,1,3,2,1,1,2,3,3,1,1,2,2,NA,NA,NA,NA,NA,NA,NA,2,2,3,2,1,3,1,1,3,3,1,4,2,1,1,3,3,3,3,3,3,3,1,1,1,2,2,1,4,2,4,4,3,3,5,1,4,2,2,2,2,3,4,4,1,1,1,NA,NA,NA,NA,NA,NA,NA,NA,5,4,3,3,4,4,4,4,1,3,3,3,3,2,3,4,1,2,4,2,2,2,1,2,2,2,2,3,4,2,2,2,5,5,NA,NA,NA,NA,NA,NA,NA,NA,NA,NA,NA,NA,NA,NA,NA,NA,NA,NA,NA,NA,NA,NA,NA,NA,NA,NA,NA,NA,NA,NA,NA,NA,NA,NA,NA,NA,NA,NA,NA,NA,NA,NA,NA,NA,NA,NA,NA
#3B460974,54,3,3,1,3,3,4,4,2,NA,NA,NA,NA,NA,NA,NA,NA,NA,NA,3,3,1,1,2,1,1,3,3,4,2,2,4,4,2,2,2,4,1,NA,NA,NA,3,3,4,4,3,NA,NA,NA,NA,NA,NA,NA,NA,NA,NA,NA,NA,NA,1,1,4,4,1,1,3,2,2,3,NA,NA,NA,NA,NA,1,1,1,1,2,1,1,3,3,3,4,3,3,3,1,1,1,1,1,4,4,2,4,1,3,3,5,4,4,2,2,1,1,3,4,1,1,1,2,2,3,3,2,2,3,1,1,NA,NA,NA,NA,NA,NA,2,2,1,4,3,3,3,2,NA,NA,NA,NA,NA,NA,NA,NA,NA,NA,NA,NA,NA,NA,NA,NA,NA,NA,NA,NA,2,2,3,3,3,1,1,2,2,2,2,1,1,1,5,5,4,1,1,2,1,1,5,5,3,3,2,5,5,4,4,2,1,1,2,1,2,2,1,1,5,2,2,3,3,3,3
#3B4C8BFC,55,2,2,3,3,3,3,4,1,1,1,3,2,2,1,1,4,3,5,2,2,2,2,3,4,4,3,3,4,1,1,2,4,1,4,4,4,5,5,3,2,5,5,3,3,4,3,3,2,4,2,2,2,3,3,1,1,3,3,5,5,4,4,1,1,3,2,2,3,1,1,3,1,1,3,3,4,4,2,4,4,3,3,3,3,1,3,3,1,1,1,1,5,4,4,2,4,4,5,5,5,3,4,2,2,2,2,3,NA,NA,NA,NA,NA,NA,4,4,4,2,2,4,2,NA,NA,NA,NA,NA,NA,2,2,3,3,3,3,3,2,4,4,1,4,4,5,2,1,4,4,2,1,1,4,4,2,2,3,2,3,2,2,4,4,3,1,1,5,5,2,2,1,4,1,5,5,5,5,1,2,4,1,1,1,3,3,1,5,5,2,4,2,2,2,2,1,2,2,1,1,1,2,2,4,3,2,4
#3B6581DF,68,3,3,3,3,NA,4,4,2,1,1,3,3,3,1,1,3,NA,5,3,NA,1,1,1,3,1,3,3,4,2,2,4,2,4,NA,NA,NA,NA,NA,2,4,4,4,4,4,4,3,3,3,3,1,2,1,2,2,4,2,1,2,4,4,NA,4,1,1,3,2,2,3,3,2,3,3,NA,1,3,1,4,2,3,1,3,3,4,4,4,3,3,1,1,NA,1,3,2,4,2,4,4,2,2,5,1,1,2,2,5,5,3,3,3,2,1,2,2,3,3,2,2,3,4,2,2,4,3,NA,4,4,2,2,1,4,4,4,4,2,5,2,3,4,4,3,NA,NA,NA,NA,NA,NA,NA,2,2,2,3,3,3,5,2,2,3,3,3,1,1,4,4,2,2,1,1,1,1,5,4,1,1,2,3,1,5,5,3,3,1,5,5,4,4,2,1,1,2,1,2,2,1,1,5,4,5,4,1,3,2
#3BCABB4A,33,2,3,3,3,4,4,4,2,1,1,1,2,5,3,3,3,NA,5,1,2,2,1,2,1,1,3,3,4,NA,NA,2,2,4,NA,NA,3,5,5,NA,NA,NA,NA,NA,NA,NA,NA,NA,NA,NA,NA,NA,NA,NA,NA,NA,NA,NA,NA,4,4,4,4,1,1,3,2,2,3,1,1,3,2,1,NA,NA,NA,NA,2,4,4,3,3,3,3,3,NA,NA,NA,NA,NA,NA,NA,NA,NA,NA,4,4,3,3,5,1,1,NA,NA,NA,NA,NA,NA,NA,NA,NA,2,2,3,3,2,2,3,4,2,5,5,3,3,4,4,NA,NA,NA,NA,NA,NA,NA,NA,NA,NA,NA,NA,NA,NA,NA,NA,NA,NA,NA,NA,NA,NA,NA,NA,NA,NA,NA,NA,2,2,3,3,3,1,1,4,4,2,2,1,4,NA,5,5,4,NA,NA,NA,NA,NA,3,5,3,3,1,5,5,4,4,2,1,NA,2,1,2,2,NA,1,1,2,2,1,3,2,3
#3BCB19E9,50,1,2,1,1,1,4,4,2,2,1,1,3,3,3,1,3,3,1,2,3,3,1,3,1,NA,4,3,4,2,1,2,2,4,3,NA,3,1,5,1,4,4,5,2,5,4,3,NA,1,1,3,2,1,4,2,1,1,3,2,1,1,4,4,1,1,3,2,2,1,3,1,3,4,4,1,3,1,3,2,1,1,3,3,4,4,4,2,3,1,1,1,NA,NA,NA,NA,NA,5,4,3,3,4,3,4,2,NA,2,2,3,NA,NA,NA,NA,NA,NA,2,3,2,2,3,2,2,4,4,4,3,3,4,4,2,1,3,3,3,3,2,NA,4,3,4,4,3,2,2,4,1,2,4,1,2,2,2,3,3,5,5,2,2,3,3,3,1,1,1,1,2,2,1,1,1,1,1,5,3,1,2,1,1,1,5,3,3,2,5,5,2,4,2,1,1,2,1,2,2,2,1,5,2,2,5,3,3,3
#3C21031E,67.5,1,3,1,3,3,4,4,2,1,1,3,3,3,1,1,1,3,1,3,3,1,1,2,1,1,4,3,4,3,1,4,2,2,4,2,3,4,5,4,4,4,5,2,5,3,3,3,2,1,4,2,1,2,2,1,3,1,3,2,4,4,1,1,1,3,2,2,3,1,1,3,4,1,1,1,4,4,2,3,1,3,3,4,4,4,3,3,1,1,1,2,4,4,4,2,NA,NA,NA,NA,NA,NA,NA,3,2,5,2,3,5,5,2,2,2,2,1,3,2,2,3,2,2,4,4,3,3,4,4,2,2,1,3,3,3,3,2,NA,NA,NA,NA,NA,NA,1,1,1,1,2,3,1,2,2,2,3,3,2,3,2,2,3,3,3,1,1,5,4,3,2,1,1,1,1,5,4,1,1,2,1,1,5,5,3,3,1,5,5,4,4,2,1,1,2,1,2,2,1,1,5,2,2,3,3,2,2
#3C21100D,72,3,3,1,3,3,4,4,2,1,1,3,3,3,1,1,3,3,5,3,3,1,1,2,1,1,3,3,4,1,1,4,4,2,2,2,4,5,5,4,4,5,5,2,5,4,3,3,1,1,2,2,1,2,2,5,4,2,2,1,4,4,4,1,1,3,2,2,3,2,3,3,2,2,1,1,1,1,2,4,1,3,3,4,4,4,3,3,1,1,1,5,5,4,4,2,4,4,3,3,5,4,4,2,2,2,2,3,1,1,2,2,2,2,4,3,2,2,3,2,2,2,4,3,3,1,1,2,2,1,3,3,3,3,2,4,4,2,4,4,3,1,1,4,4,2,1,1,2,2,2,3,3,2,2,1,2,3,3,3,1,1,2,2,2,2,1,1,1,5,5,4,1,1,2,4,1,5,5,3,3,4,5,5,1,4,2,1,1,2,1,2,2,1,1,5,2,2,3,3,2,2
#3C2FF1E2,59.5,3,3,1,3,3,4,4,2,1,1,3,3,3,3,3,3,3,1,1,3,1,1,2,1,1,3,NA,4,3,1,4,2,1,1,2,3,2,5,4,4,5,5,4,5,4,3,3,2,2,1,2,1,3,2,4,4,3,3,NA,4,4,4,1,1,3,2,2,3,2,2,2,1,1,3,3,1,1,3,4,1,3,3,1,4,3,5,3,1,1,1,5,NA,4,4,2,4,4,4,3,5,5,5,3,NA,2,5,2,3,2,1,1,2,2,2,2,2,2,3,3,4,1,4,3,4,4,4,3,3,1,3,3,1,3,2,2,2,1,4,4,3,1,1,3,3,2,2,1,2,2,3,2,2,3,3,2,2,3,3,3,1,1,4,4,1,1,1,1,1,1,1,4,4,1,2,4,1,5,5,3,3,1,5,5,1,4,3,1,1,2,1,2,2,1,NA,5,2,2,1,3,2,2
#3C32303E,56,3,3,1,3,3,4,4,2,1,1,3,3,3,1,1,3,3,3,1,3,1,4,2,1,1,3,3,4,2,2,4,4,1,2,2,3,5,NA,NA,NA,5,3,3,3,4,3,3,1,1,1,2,1,NA,3,4,4,3,2,NA,NA,NA,NA,NA,NA,NA,2,2,3,2,2,3,1,1,NA,1,4,4,2,3,2,3,3,4,4,1,3,NA,1,1,NA,2,1,4,4,2,4,4,3,NA,5,4,4,NA,NA,2,3,3,1,4,2,NA,2,2,1,3,2,2,3,2,2,NA,NA,3,3,1,4,NA,NA,NA,3,3,3,3,2,4,4,3,3,3,3,NA,1,4,4,2,4,4,5,4,3,4,4,2,2,2,2,3,3,3,1,1,1,4,2,2,1,1,5,5,5,5,5,1,2,1,1,5,5,3,3,1,5,5,2,2,2,1,NA,2,1,2,2,5,5,5,2,2,1,3,2,2
#3C491560,46.5,1,NA,1,3,3,5,4,2,2,1,3,3,NA,1,NA,3,NA,4,2,NA,2,1,NA,3,1,3,NA,3,4,NA,2,NA,4,1,NA,4,4,NA,NA,NA,NA,NA,3,4,3,NA,NA,3,1,3,3,1,NA,NA,4,NA,2,3,NA,NA,NA,NA,NA,NA,NA,NA,NA,NA,1,2,3,1,1,NA,NA,NA,NA,NA,NA,NA,NA,NA,NA,NA,1,NA,NA,3,1,NA,NA,NA,NA,NA,NA,NA,NA,3,NA,4,1,4,NA,NA,NA,NA,NA,2,NA,2,NA,2,NA,NA,NA,NA,NA,NA,NA,NA,2,2,3,NA,1,NA,NA,NA,NA,NA,NA,NA,NA,NA,5,4,3,3,NA,3,2,2,3,1,2,1,NA,NA,NA,NA,NA,NA,NA,NA,NA,NA,NA,NA,NA,NA,NA,NA,NA,NA,NA,NA,NA,NA,NA,NA,NA,NA,NA,NA,NA,NA,2,5,3,3,4,5,5,1,1,2,1,1,2,2,2,2,1,1,5,2,NA,2,NA,2,NA
#3C5191FC,62,2,3,2,3,3,4,4,2,1,1,3,3,3,4,1,3,3,5,2,2,2,3,2,3,1,2,3,2,NA,NA,NA,NA,NA,NA,NA,NA,NA,NA,1,4,5,5,4,5,4,3,3,3,1,1,2,1,1,2,5,5,3,NA,4,4,4,4,2,2,3,2,2,4,1,1,1,1,1,NA,1,1,4,2,3,1,3,3,4,4,3,3,NA,1,1,NA,1,4,5,4,2,4,NA,3,3,5,2,3,2,2,2,2,3,NA,NA,NA,NA,NA,NA,3,3,2,2,3,2,2,NA,NA,NA,NA,NA,NA,2,2,1,1,3,3,3,2,NA,NA,NA,NA,NA,NA,1,1,1,1,2,2,2,2,2,2,3,3,3,3,2,2,3,3,2,1,1,1,4,2,1,1,1,1,5,5,4,3,1,2,1,1,5,5,3,3,2,5,5,2,4,2,1,1,2,1,2,2,1,1,3,2,2,2,3,3,2
#3C5199F4,48,1,1,3,NA,NA,NA,NA,NA,1,1,3,5,5,1,1,NA,1,1,NA,NA,NA,NA,NA,1,NA,2,3,3,NA,NA,NA,NA,NA,NA,NA,NA,NA,NA,NA,NA,4,4,5,5,4,NA,NA,NA,NA,NA,NA,NA,1,NA,NA,4,2,NA,NA,NA,NA,NA,NA,NA,NA,3,3,NA,NA,NA,NA,NA,NA,NA,NA,NA,NA,NA,NA,NA,NA,NA,NA,NA,NA,NA,NA,NA,NA,NA,1,1,NA,1,2,NA,NA,NA,NA,NA,NA,NA,NA,NA,NA,NA,NA,3,3,2,2,2,2,NA,NA,NA,NA,NA,NA,NA,NA,NA,NA,NA,NA,NA,NA,3,5,3,3,3,3,2,NA,NA,NA,NA,NA,NA,NA,NA,NA,NA,NA,NA,NA,NA,NA,NA,NA,NA,NA,NA,NA,NA,NA,NA,NA,NA,NA,NA,NA,NA,NA,NA,NA,NA,NA,NA,NA,NA,NA,NA,NA,NA,NA,NA,NA,NA,NA,NA,NA,NA,NA,NA,NA,NA,NA,NA,NA,NA,3,1,3,3,3,2,2,1,3
#3C53FF90,59,3,3,1,3,3,4,4,2,1,1,3,4,4,3,1,3,3,3,3,3,1,2,2,1,1,3,3,4,1,1,1,2,2,4,2,3,5,5,2,2,5,5,5,5,4,3,3,1,1,1,1,1,2,2,4,4,3,3,4,4,4,4,1,1,3,2,2,3,1,1,3,3,3,3,1,4,4,2,3,3,3,3,4,4,3,2,2,1,1,1,1,1,4,4,2,1,1,5,3,5,4,4,3,2,2,5,3,4,4,1,1,2,2,1,3,2,2,3,4,4,2,2,1,1,2,4,2,2,1,3,3,3,3,2,4,4,3,4,4,3,2,2,3,1,2,2,2,2,2,2,3,3,2,2,2,2,3,3,3,1,1,3,4,2,2,1,1,1,5,5,4,2,1,2,3,1,2,5,3,3,1,5,5,4,4,2,1,1,2,1,2,2,1,1,5,2,2,2,3,2,2
#3C5AA4C2,58,NA,NA,NA,NA,NA,NA,NA,NA,NA,NA,NA,NA,NA,NA,NA,NA,NA,NA,NA,NA,NA,NA,NA,NA,NA,NA,NA,NA,NA,NA,NA,NA,NA,NA,NA,NA,NA,NA,NA,NA,NA,NA,NA,NA,NA,NA,NA,NA,NA,NA,NA,NA,NA,NA,NA,NA,NA,NA,NA,NA,NA,NA,NA,NA,NA,NA,NA,NA,NA,NA,NA,NA,NA,NA,NA,NA,NA,NA,NA,NA,NA,NA,NA,NA,NA,NA,NA,NA,NA,NA,NA,NA,NA,NA,NA,NA,NA,NA,NA,NA,NA,NA,NA,NA,NA,NA,NA,NA,NA,NA,NA,NA,NA,NA,NA,NA,NA,NA,NA,NA,NA,NA,NA,NA,NA,NA,NA,NA,NA,NA,NA,NA,NA,NA,NA,NA,NA,NA,NA,NA,NA,NA,NA,NA,NA,NA,NA,NA,NA,NA,NA,NA,NA,NA,NA,NA,NA,NA,NA,NA,NA,NA,NA,NA,NA,NA,NA,NA,NA,NA,NA,NA,NA,NA,NA,NA,NA,NA,NA,NA,NA,NA,NA,4,4,2,1,1,2,1,2,2,NA,NA,NA,NA,NA,NA,NA,NA,NA
#3C5C83E3,35.5,2,3,1,1,1,4,4,2,1,NA,3,2,2,3,1,3,3,3,3,1,1,1,4,4,1,3,3,4,2,1,4,4,5,1,3,3,5,5,1,4,5,5,1,4,4,3,3,2,1,2,2,2,1,1,4,4,3,NA,4,5,4,4,1,1,3,NA,NA,NA,1,NA,3,1,1,3,3,5,2,2,4,1,3,3,4,4,4,NA,NA,NA,NA,NA,1,1,5,4,2,NA,NA,3,3,5,4,4,NA,NA,NA,NA,NA,1,1,2,NA,2,NA,1,NA,2,2,2,3,NA,NA,NA,NA,NA,NA,NA,NA,NA,NA,NA,NA,NA,NA,NA,2,4,5,4,4,3,NA,NA,NA,NA,NA,NA,NA,NA,NA,NA,NA,NA,NA,NA,2,2,3,3,3,1,1,2,4,3,3,1,4,1,1,5,4,5,1,2,NA,1,5,5,4,3,1,5,5,1,1,2,1,1,2,1,2,2,2,1,5,2,2,4,2,2,2
#3C5CFE9E,69,3,3,1,1,4,4,4,2,1,1,3,3,3,3,1,3,3,3,3,3,1,1,2,3,1,3,3,4,2,2,2,2,2,1,1,2,1,5,3,1,5,5,3,4,4,3,3,2,2,3,2,1,4,4,1,1,3,3,1,4,3,4,1,2,3,2,2,3,2,2,3,3,1,3,1,2,2,2,4,4,3,3,4,4,4,3,3,1,1,1,1,1,4,4,2,4,4,3,3,5,1,3,2,2,5,5,3,1,1,1,1,1,2,3,3,2,2,3,2,2,4,4,4,3,4,4,5,5,1,3,3,3,3,2,4,4,3,2,2,3,1,1,3,3,2,1,1,4,4,2,3,3,1,1,2,2,2,5,3,1,1,4,4,2,2,1,5,1,5,5,4,4,1,2,2,1,5,5,3,3,1,5,5,1,1,2,1,1,2,2,2,2,5,4,5,2,2,2,3,2,2
#3C5DCCAD,47.5,NA,NA,NA,3,3,4,4,2,1,1,3,3,3,1,1,3,NA,3,2,2,1,2,2,NA,1,3,3,4,1,1,2,4,1,1,3,4,5,5,1,4,5,5,3,4,4,3,3,1,1,2,2,1,NA,2,1,1,2,2,NA,NA,NA,NA,NA,NA,NA,2,2,3,2,2,3,1,1,NA,NA,NA,NA,NA,NA,NA,3,3,4,4,4,NA,NA,NA,NA,NA,NA,NA,NA,NA,NA,4,4,3,3,5,4,4,2,2,2,2,3,NA,NA,NA,NA,NA,NA,NA,NA,NA,NA,NA,NA,NA,NA,NA,NA,NA,NA,NA,2,2,1,1,1,3,3,2,NA,NA,NA,NA,NA,NA,2,1,1,1,2,1,1,NA,NA,NA,NA,NA,NA,NA,2,2,3,3,3,1,1,5,4,1,2,1,1,1,5,5,4,NA,NA,NA,NA,NA,2,5,3,3,1,5,5,2,4,2,1,1,2,1,2,2,1,1,5,2,2,3,3,3,4
#3C5E0E6C,61,3,3,1,5,4,4,4,2,1,1,3,4,3,3,1,3,3,3,3,NA,1,1,2,NA,NA,NA,NA,NA,4,1,1,4,3,1,2,4,5,5,3,1,5,5,4,4,4,3,3,2,4,4,4,1,2,2,4,NA,3,3,4,4,3,4,1,1,3,2,2,3,3,2,3,1,1,3,NA,4,4,2,4,1,3,NA,3,4,4,NA,NA,NA,NA,NA,1,1,1,4,2,NA,NA,NA,NA,NA,NA,NA,3,2,5,2,3,NA,NA,NA,NA,NA,NA,2,3,2,2,4,3,5,NA,NA,NA,NA,NA,NA,NA,NA,NA,NA,NA,NA,NA,NA,NA,NA,NA,NA,NA,NA,1,1,3,3,NA,1,3,NA,NA,NA,NA,NA,NA,NA,2,2,3,3,3,1,1,1,4,3,2,1,1,NA,5,NA,4,3,3,2,1,1,1,5,4,3,1,5,NA,1,4,2,1,1,2,1,2,2,1,1,5,2,2,2,3,4,4
#3C5E0F6D,57.5,3,3,1,3,3,4,4,2,1,1,3,3,3,NA,NA,3,3,4,3,3,1,2,2,1,1,4,3,4,2,1,2,2,1,2,2,4,5,1,2,4,NA,NA,NA,NA,NA,3,3,4,2,2,NA,1,3,2,4,4,3,3,2,4,4,4,1,1,3,2,2,3,3,2,3,4,1,3,3,1,1,3,1,NA,1,3,4,NA,4,3,NA,1,1,1,5,NA,4,4,2,1,4,1,2,5,4,5,3,NA,5,5,3,3,2,1,1,2,2,3,3,2,2,3,3,3,4,4,4,4,4,4,3,3,1,4,3,4,3,2,3,3,5,5,4,3,2,1,3,3,2,1,1,3,2,2,2,2,3,4,1,2,3,3,3,1,1,2,4,2,2,1,4,4,5,5,4,1,1,2,3,1,NA,NA,3,3,4,NA,5,4,4,2,1,1,2,1,2,2,5,1,5,2,2,3,3,2,2
#3C60BDE1,10,NA,NA,NA,NA,NA,NA,NA,NA,1,1,3,5,NA,NA,1,3,NA,5,NA,NA,NA,NA,NA,NA,NA,NA,NA,NA,NA,NA,NA,NA,NA,NA,NA,NA,NA,NA,NA,NA,NA,NA,NA,NA,NA,NA,NA,NA,NA,NA,NA,NA,NA,NA,NA,NA,NA,NA,NA,NA,NA,NA,NA,NA,NA,NA,NA,NA,NA,NA,NA,NA,NA,NA,NA,NA,NA,NA,NA,NA,1,NA,3,NA,2,NA,NA,NA,NA,NA,NA,NA,NA,NA,NA,NA,NA,NA,NA,NA,NA,NA,NA,NA,NA,NA,NA,NA,NA,NA,NA,NA,NA,NA,NA,NA,NA,NA,NA,NA,NA,NA,NA,NA,NA,NA,NA,NA,NA,NA,NA,NA,NA,NA,NA,NA,NA,NA,NA,NA,NA,NA,NA,NA,NA,NA,4,NA,NA,NA,NA,NA,NA,NA,NA,NA,NA,NA,NA,NA,NA,NA,NA,NA,NA,NA,NA,NA,NA,NA,NA,NA,NA,NA,NA,NA,NA,NA,NA,NA,NA,NA,NA,NA,NA,NA,NA,NA,NA,NA,NA,NA,NA,NA,NA,NA,NA,NA,NA,NA,NA
#3C60F6AA,65.5,1,3,1,4,4,4,4,2,1,1,3,3,3,3,1,3,3,2,2,3,1,2,2,1,1,5,3,4,2,2,2,2,2,1,3,3,5,NA,2,4,5,5,4,4,4,1,1,1,2,1,1,1,3,3,1,1,2,2,4,4,4,4,1,1,3,2,2,3,2,2,3,1,1,3,3,1,4,2,1,1,3,3,3,3,4,3,3,1,1,1,2,2,1,1,2,4,4,3,3,5,1,4,2,2,2,2,3,4,4,1,1,1,1,3,3,2,2,3,1,2,5,4,3,3,4,4,4,4,1,3,3,3,3,2,3,4,1,2,2,5,2,2,1,1,2,1,1,3,3,2,3,3,2,5,2,2,3,3,3,NA,1,1,1,2,2,1,1,1,5,5,4,1,1,3,2,1,5,5,5,3,2,5,5,1,4,2,2,1,2,1,2,2,1,1,5,4,4,2,3,4,4
#3C611845,66,3,3,1,3,3,4,4,2,1,1,3,2,3,1,1,3,3,4,3,3,1,1,2,1,1,3,3,4,2,1,2,2,4,2,2,4,5,5,2,2,5,5,5,5,4,3,3,1,1,2,2,1,2,2,4,3,2,2,1,4,4,4,1,1,3,2,2,3,1,1,3,1,4,3,3,1,1,2,1,1,3,3,4,4,4,2,3,1,1,1,1,4,4,4,2,1,4,3,3,5,5,4,3,3,2,2,3,5,5,1,1,1,1,3,3,2,2,3,2,2,4,4,3,3,4,4,2,2,1,3,3,3,3,2,3,4,3,4,4,3,1,1,3,1,2,1,1,2,2,2,3,4,2,2,NA,NA,NA,NA,NA,NA,NA,NA,NA,2,2,2,1,1,5,5,4,1,1,2,1,1,5,5,4,3,1,5,5,4,4,2,1,1,2,1,2,2,1,1,5,2,2,1,3,2,2
#3C612B76,63.5,3,3,1,3,3,4,4,2,1,1,3,3,3,1,1,3,3,3,2,1,1,2,2,1,1,3,3,4,3,2,2,2,1,2,2,3,5,5,NA,NA,4,5,4,4,3,3,3,2,1,2,2,1,2,2,1,1,2,2,4,NA,4,4,1,1,3,2,2,3,3,3,3,1,1,1,1,1,1,2,4,4,3,3,4,4,3,3,3,1,1,1,2,4,4,4,2,1,4,3,3,5,4,4,2,2,2,2,3,NA,NA,1,1,2,2,2,3,2,2,3,3,4,4,NA,3,3,3,1,3,2,1,3,3,3,3,2,4,4,1,4,4,3,1,1,3,3,2,1,2,2,2,2,3,3,2,2,2,2,3,3,3,1,1,4,4,1,2,1,1,1,5,5,4,4,1,5,2,1,1,5,3,3,1,5,5,1,1,2,1,1,2,1,2,2,1,1,5,2,2,1,3,1,2
#3C61326F,74.5,3,3,1,3,3,4,4,2,2,1,3,3,NA,3,3,3,3,4,3,3,1,2,2,1,1,3,3,4,2,2,2,2,3,NA,NA,NA,NA,NA,4,4,NA,NA,NA,NA,NA,3,3,1,1,2,2,1,2,2,3,NA,2,2,4,4,4,4,1,1,3,2,2,3,NA,NA,NA,NA,NA,4,4,1,1,2,4,1,3,3,4,4,3,2,3,1,1,1,1,1,4,4,2,4,4,3,3,5,4,4,2,2,2,2,3,3,3,1,2,2,2,3,3,2,2,3,1,2,NA,NA,NA,NA,NA,NA,NA,NA,NA,NA,NA,NA,NA,NA,NA,NA,NA,NA,NA,NA,2,1,1,1,2,3,1,NA,NA,NA,NA,NA,NA,NA,2,2,3,3,3,1,1,2,4,2,2,1,1,1,5,5,4,4,4,2,3,1,5,5,4,3,1,5,5,2,2,2,1,1,2,1,2,2,1,1,3,2,2,2,1,1,1
#3C62510F,20,2,3,1,1,3,2,4,2,2,1,1,3,3,2,3,4,3,2,1,3,2,3,2,5,1,3,3,2,3,1,2,4,1,3,4,3,2,5,3,2,2,5,2,4,4,1,3,2,4,3,3,1,3,2,3,1,2,2,4,4,3,4,3,3,3,1,2,3,2,2,3,1,1,4,3,1,4,2,2,2,3,NA,4,4,3,2,3,1,3,1,1,1,2,4,2,1,4,3,3,4,4,4,3,2,2,2,3,4,4,1,1,1,NA,2,3,2,2,3,2,NA,2,4,3,1,2,4,4,4,3,3,NA,3,3,2,3,4,3,2,3,3,NA,NA,NA,NA,NA,NA,NA,NA,NA,NA,NA,NA,NA,NA,NA,NA,NA,NA,NA,NA,NA,NA,NA,4,2,2,1,1,5,5,5,2,2,3,1,1,2,5,5,NA,1,5,5,1,1,2,1,1,1,1,4,2,1,1,1,2,2,2,1,1,4
#3C644119,54,3,3,1,1,4,5,5,2,1,1,3,3,3,1,1,3,3,1,2,2,5,3,3,1,1,3,3,4,2,2,2,2,1,4,1,3,1,NA,2,2,5,5,3,4,4,3,3,2,1,4,NA,1,4,2,1,1,1,1,NA,NA,NA,NA,NA,NA,NA,2,2,3,2,2,1,1,1,4,3,1,1,2,2,1,3,3,1,4,4,3,3,1,1,1,1,2,3,4,2,4,4,5,3,4,4,4,3,2,2,NA,3,NA,1,2,2,2,1,NA,NA,2,2,3,1,NA,2,2,1,1,1,1,1,1,1,1,3,3,3,2,5,5,3,4,3,3,1,1,1,1,2,4,1,2,4,2,3,3,3,2,2,2,3,3,3,1,1,2,2,2,NA,1,4,4,1,1,1,1,5,5,NA,1,5,5,3,3,1,3,5,4,4,2,1,1,2,2,2,2,5,1,3,4,2,2,2,4,2
#3C653C65,50.5,2,3,1,4,4,2,4,2,2,1,3,4,3,1,1,3,3,5,2,3,3,1,1,1,1,3,3,4,2,2,4,2,3,3,4,3,5,5,3,4,4,5,4,4,4,3,3,4,1,2,2,1,2,2,4,1,3,3,4,4,4,4,1,1,3,2,2,3,2,2,3,4,3,3,1,1,4,2,1,1,3,3,4,4,4,3,3,1,1,1,4,3,4,4,2,1,4,5,5,5,5,4,3,3,2,1,4,3,3,1,1,2,2,2,3,2,2,3,2,2,5,4,3,3,4,4,NA,NA,NA,NA,NA,NA,NA,NA,NA,NA,NA,NA,NA,NA,2,1,4,4,2,2,1,2,2,2,4,3,5,5,2,2,1,3,3,2,1,3,4,1,1,1,1,4,5,5,4,1,1,2,1,1,5,5,3,3,1,5,5,2,4,2,1,1,2,1,2,2,4,4,5,2,2,3,1,3,2
#3C65550C,49,3,3,2,NA,NA,NA,NA,NA,1,1,3,3,3,1,1,3,3,3,1,1,1,1,2,1,NA,2,3,4,NA,NA,NA,NA,NA,NA,NA,NA,NA,NA,NA,NA,5,5,2,4,4,3,3,1,2,NA,4,1,3,3,4,4,2,2,4,NA,4,4,1,1,3,3,2,3,1,2,1,1,4,NA,NA,NA,NA,NA,NA,NA,3,NA,4,4,4,3,NA,1,1,NA,1,5,4,4,2,4,4,3,3,4,4,4,NA,NA,NA,NA,NA,1,1,2,1,2,NA,NA,3,NA,2,3,4,4,NA,NA,NA,NA,NA,NA,NA,NA,NA,NA,NA,NA,NA,NA,3,3,3,4,3,3,NA,NA,NA,NA,NA,NA,NA,3,3,2,3,3,5,5,NA,2,3,NA,5,1,1,4,4,3,3,1,4,NA,5,5,5,NA,NA,NA,NA,NA,2,5,4,3,1,4,5,1,1,2,1,1,2,2,2,2,3,1,3,3,NA,2,NA,2,2
#3C65EBB2,55,2,3,1,3,3,4,5,2,NA,NA,NA,NA,NA,NA,NA,NA,NA,NA,NA,NA,NA,NA,NA,1,1,5,3,3,2,2,4,4,4,1,1,1,5,5,1,4,NA,NA,NA,NA,NA,3,3,3,3,4,1,2,1,2,1,1,3,3,4,5,4,4,1,1,3,2,2,NA,3,3,3,1,3,3,3,5,5,3,2,2,3,3,4,4,3,1,1,1,3,2,1,1,1,2,3,1,2,5,5,5,4,4,2,2,2,2,1,5,5,NA,1,1,2,3,3,2,2,3,2,2,4,4,1,3,4,4,4,4,4,4,4,3,3,2,4,4,3,3,3,4,2,2,3,3,3,2,2,1,1,2,3,3,2,2,2,2,5,3,2,2,2,1,4,1,1,1,4,1,5,5,4,NA,NA,NA,NA,NA,1,5,4,4,2,1,1,4,4,2,1,1,2,1,2,2,1,1,5,2,2,2,2,2,2
#3C8A9E28,63,3,3,1,3,3,NA,4,NA,2,1,3,3,3,3,3,3,3,3,4,4,1,1,4,3,3,2,4,4,4,2,4,4,2,3,1,4,5,NA,4,4,5,NA,3,4,4,3,NA,2,2,1,1,2,NA,NA,NA,NA,NA,NA,1,4,4,4,1,1,3,NA,NA,NA,3,3,3,1,1,1,3,4,4,2,2,2,NA,NA,NA,NA,NA,3,3,1,1,1,4,4,5,5,4,1,3,3,3,4,4,4,NA,NA,NA,NA,NA,NA,3,2,1,1,1,3,3,2,2,3,2,2,NA,NA,2,3,2,2,5,5,3,4,1,3,3,2,NA,2,5,1,1,3,1,1,1,2,1,2,2,NA,NA,NA,NA,NA,NA,NA,4,2,5,3,3,1,1,1,1,3,3,1,4,1,1,5,5,1,1,4,1,1,2,5,5,3,4,5,5,4,4,2,1,1,2,1,4,4,1,1,5,4,4,2,4,2,2
#3C8AA711,49,1,3,2,3,3,4,4,2,1,1,3,5,3,2,1,3,3,5,2,2,1,3,2,3,3,3,3,4,2,1,4,4,4,1,2,3,4,NA,4,2,4,5,2,4,4,3,3,1,1,3,1,1,1,2,4,1,2,2,NA,NA,NA,NA,4,1,3,2,2,3,2,2,3,1,1,1,3,1,1,3,4,4,3,3,4,4,3,3,3,1,1,1,5,5,4,4,2,2,1,3,3,5,4,4,2,2,2,2,3,4,4,1,1,1,2,3,3,2,2,2,4,4,4,4,3,3,4,4,2,2,1,1,1,3,3,2,5,5,3,3,4,3,1,1,1,1,2,2,1,NA,NA,NA,NA,NA,NA,NA,3,3,5,3,3,1,1,2,2,2,3,1,4,1,3,1,5,2,2,2,3,1,2,5,3,3,2,3,5,1,4,2,1,1,2,2,2,2,2,1,3,2,2,1,3,2,2
#3C8AB305,40,2,2,1,2,3,4,4,2,2,1,3,4,1,1,NA,3,3,1,2,3,1,1,1,3,1,3,3,4,2,1,1,1,4,2,2,3,3,5,2,2,4,5,2,4,4,3,3,2,2,2,2,1,2,2,3,3,1,3,NA,NA,NA,NA,NA,NA,NA,2,2,3,3,3,3,1,1,4,2,1,1,1,3,1,3,3,4,4,1,3,3,1,2,1,3,5,4,4,3,NA,NA,NA,NA,NA,NA,NA,2,2,5,5,4,3,3,1,2,1,1,NA,NA,NA,NA,NA,NA,NA,4,4,2,3,1,1,NA,3,1,3,3,3,3,2,NA,NA,NA,NA,NA,NA,NA,NA,NA,NA,NA,NA,NA,NA,NA,NA,NA,NA,NA,NA,NA,NA,NA,NA,NA,NA,NA,NA,NA,3,1,1,4,1,4,5,2,3,1,2,1,1,2,5,3,3,1,5,5,1,4,2,2,1,2,1,2,2,1,1,5,2,2,1,1,2,2
#3C8E9B29,68,NA,NA,NA,NA,NA,NA,NA,NA,NA,NA,3,4,3,3,1,3,NA,3,NA,NA,NA,NA,NA,NA,NA,3,3,4,NA,NA,NA,NA,5,NA,NA,NA,NA,NA,NA,NA,NA,NA,4,4,4,4,3,1,1,1,2,1,NA,NA,NA,NA,NA,NA,NA,NA,NA,NA,NA,NA,NA,NA,2,4,1,NA,3,3,3,NA,NA,NA,NA,2,4,4,NA,NA,NA,NA,NA,3,3,1,1,5,NA,NA,4,4,4,NA,NA,NA,NA,NA,NA,NA,NA,NA,NA,NA,NA,NA,NA,NA,NA,NA,NA,3,2,2,2,3,4,2,NA,NA,NA,NA,NA,NA,NA,NA,NA,NA,NA,NA,NA,NA,NA,NA,NA,NA,NA,NA,NA,NA,NA,NA,NA,NA,NA,NA,NA,NA,NA,NA,NA,NA,1,1,1,3,3,1,1,4,4,3,3,3,1,1,5,1,4,NA,1,2,1,1,1,5,4,3,1,5,5,2,4,2,1,1,2,2,2,2,1,1,5,2,5,3,3,1,2
#3CAC20B0,37,1,3,3,2,1,3,4,2,1,1,3,2,3,1,1,3,3,5,3,3,3,4,1,4,3,2,3,1,2,1,4,2,2,4,2,2,4,NA,4,2,3,3,2,4,4,3,NA,1,2,1,2,2,2,2,1,1,3,2,5,4,3,3,1,1,3,2,2,4,2,NA,3,2,2,3,1,1,1,4,1,4,1,3,4,4,3,3,3,1,1,1,5,5,4,4,2,4,4,5,3,4,4,4,2,2,2,2,3,4,5,1,1,1,2,3,3,2,2,3,2,2,4,NA,1,3,1,4,3,3,3,3,3,3,3,2,2,4,3,4,3,3,1,1,3,3,2,2,4,4,4,2,2,NA,2,2,2,2,2,3,3,1,1,2,4,1,2,2,1,1,1,5,4,1,1,4,4,1,2,5,1,3,1,4,5,2,2,2,2,1,2,2,2,2,5,1,1,2,2,4,2,2,2
#3CB0DF53,61.5,3,2,1,3,3,4,4,2,NA,NA,NA,NA,NA,NA,NA,NA,NA,NA,4,3,1,1,NA,1,NA,4,3,4,NA,NA,NA,NA,NA,3,2,4,5,NA,NA,NA,5,5,4,4,NA,3,NA,2,2,4,2,1,2,NA,1,1,3,3,NA,NA,NA,NA,NA,NA,NA,2,NA,4,2,3,3,1,4,3,3,4,4,2,4,1,3,3,4,NA,3,3,3,1,1,1,1,5,4,4,2,4,4,3,3,4,4,4,2,2,5,5,3,4,4,1,1,1,1,4,3,2,2,3,5,2,5,5,3,3,1,4,1,4,5,4,4,2,2,2,2,5,3,4,4,3,1,1,4,4,4,2,1,NA,NA,NA,NA,NA,NA,NA,2,2,5,3,3,1,1,5,4,2,2,1,1,1,5,NA,4,2,1,2,2,1,5,5,NA,3,1,5,5,2,4,2,1,NA,1,1,2,2,1,1,5,2,2,2,3,2,2
#3CB24FC1,71,3,3,1,3,3,4,4,2,1,1,3,3,3,1,1,3,3,3,2,3,3,2,2,3,1,3,3,4,2,1,4,2,1,NA,NA,NA,NA,NA,4,4,4,5,4,4,4,3,3,2,1,2,2,1,2,2,1,4,2,2,NA,NA,NA,NA,NA,NA,NA,2,2,3,NA,NA,NA,NA,3,3,3,4,4,2,1,1,3,3,4,4,3,3,3,1,1,1,1,5,4,4,2,4,4,3,3,5,4,4,2,2,2,2,3,3,5,1,1,2,2,1,3,2,2,3,2,2,5,4,3,3,4,4,4,2,1,3,3,3,3,2,4,4,3,3,4,3,1,1,4,1,2,4,1,2,2,2,3,3,3,3,4,2,5,3,3,1,1,4,4,2,2,1,1,1,5,5,4,1,1,2,1,1,5,5,3,3,1,5,5,1,1,2,1,NA,2,1,2,2,1,1,5,2,2,3,3,1,1
#3CC4A75F,55.5,3,3,2,1,3,2,4,2,NA,NA,NA,NA,NA,NA,NA,NA,NA,NA,3,1,1,1,2,1,1,3,3,4,1,1,2,2,2,2,2,3,5,NA,4,4,5,5,2,4,4,3,NA,2,2,4,4,1,2,2,4,4,2,2,5,4,4,4,1,1,3,2,2,3,1,1,3,1,1,1,1,1,4,4,1,1,3,3,4,4,3,3,3,1,1,1,2,1,4,5,2,1,1,3,3,4,4,4,2,2,2,2,3,4,5,1,2,2,2,3,3,2,2,2,4,5,4,NA,3,3,4,4,2,2,1,3,3,3,3,2,NA,NA,NA,NA,NA,NA,2,2,3,3,2,1,2,2,2,3,3,3,2,NA,2,2,3,NA,3,1,NA,1,4,3,3,1,1,1,NA,5,4,5,1,2,1,1,5,5,3,3,1,5,5,1,4,2,1,1,2,1,2,2,1,1,5,1,2,3,3,2,2
#3CCC0DFD,43,NA,NA,NA,NA,NA,NA,NA,NA,NA,NA,NA,NA,NA,NA,NA,NA,NA,NA,NA,NA,NA,NA,NA,1,1,4,4,4,NA,NA,NA,NA,NA,NA,NA,NA,NA,NA,NA,NA,NA,NA,NA,NA,NA,NA,NA,NA,NA,NA,NA,NA,NA,NA,NA,NA,NA,NA,NA,NA,4,4,1,1,3,NA,NA,NA,NA,NA,NA,NA,NA,NA,NA,NA,NA,NA,NA,NA,NA,NA,NA,NA,NA,NA,NA,NA,NA,NA,2,2,5,NA,5,NA,NA,NA,NA,NA,NA,NA,NA,NA,NA,NA,NA,NA,NA,NA,NA,NA,NA,3,3,2,2,3,4,2,NA,NA,NA,NA,NA,NA,NA,NA,NA,NA,NA,NA,NA,NA,NA,NA,NA,NA,NA,NA,NA,NA,NA,NA,NA,NA,NA,NA,NA,NA,NA,NA,NA,NA,2,2,2,5,1,1,1,2,4,NA,NA,NA,NA,NA,NA,NA,NA,NA,NA,NA,NA,NA,NA,NA,NA,NA,NA,NA,NA,1,4,2,1,NA,2,1,2,2,NA,NA,NA,NA,NA,NA,NA,NA,NA
#3CCCE515,53,1,3,3,3,NA,4,4,2,NA,NA,NA,NA,NA,NA,NA,NA,NA,NA,3,3,1,1,2,1,1,3,3,4,1,1,2,NA,1,NA,NA,NA,NA,NA,4,2,5,NA,2,4,4,3,3,1,2,4,4,1,2,2,1,3,2,3,4,3,NA,4,3,1,3,1,2,3,3,NA,3,2,1,3,NA,2,2,3,2,2,3,1,3,4,3,3,3,1,1,1,2,1,4,4,2,4,NA,5,3,5,4,3,3,3,2,2,3,2,2,1,1,2,2,1,3,2,2,3,4,4,4,NA,4,4,4,4,4,2,1,3,3,3,NA,2,2,4,1,4,4,3,NA,NA,NA,NA,NA,NA,NA,NA,NA,NA,NA,NA,NA,NA,2,2,3,3,3,1,1,1,3,2,2,1,1,1,5,5,5,1,1,5,1,1,2,2,5,3,1,5,5,1,1,2,1,1,2,1,2,2,1,1,5,4,4,2,1,2,2
#3CDA6284,45,1,2,1,3,4,4,4,2,3,2,3,5,5,1,2,3,NA,3,1,1,1,1,1,3,1,3,3,4,2,NA,4,4,4,1,4,3,5,NA,1,3,5,5,3,3,4,3,3,1,1,2,2,1,2,2,4,4,3,3,4,4,4,4,2,1,3,2,2,3,1,1,3,1,1,3,3,1,1,4,1,1,NA,NA,NA,NA,NA,3,3,1,3,3,2,2,5,5,5,NA,NA,NA,NA,NA,NA,NA,2,2,2,2,3,1,3,1,1,1,1,4,3,2,2,3,4,4,NA,NA,NA,NA,NA,NA,3,3,1,1,1,4,3,2,NA,NA,NA,NA,NA,NA,NA,NA,NA,NA,NA,NA,NA,1,1,3,3,3,NA,2,4,2,3,3,3,1,1,2,2,1,3,1,1,1,5,5,5,4,4,2,1,2,5,5,3,3,1,5,5,1,1,2,1,1,2,2,2,2,5,5,5,2,2,3,NA,4,3
#3D145D74,52.5,3,3,1,1,1,4,4,2,2,1,3,4,2,1,1,4,3,3,1,2,1,1,4,1,1,3,3,4,1,1,3,4,1,3,2,3,5,5,2,4,4,5,3,4,4,3,3,2,1,1,2,1,2,2,4,4,3,NA,5,5,3,4,1,1,3,2,2,3,NA,NA,NA,NA,NA,3,3,5,2,2,1,1,3,3,4,4,4,3,3,1,1,1,1,1,4,4,2,4,4,3,3,5,4,4,2,2,5,5,3,5,5,1,1,2,1,1,1,2,2,4,2,4,NA,NA,NA,NA,NA,NA,NA,NA,NA,NA,NA,NA,NA,NA,4,4,4,3,4,3,NA,NA,NA,NA,NA,NA,NA,NA,NA,NA,NA,NA,NA,NA,2,2,3,3,3,1,1,4,4,3,2,1,4,1,1,1,4,2,1,2,1,1,5,5,4,3,2,5,5,2,1,2,2,2,2,1,2,2,1,5,5,2,2,2,3,3,3
#3D1EB794,73.5,3,3,1,4,3,4,4,2,1,1,3,3,3,1,1,3,3,3,3,2,1,2,2,1,1,3,3,4,1,1,2,2,1,2,2,4,5,5,4,4,5,5,5,5,4,3,3,1,1,2,2,1,2,2,4,4,3,3,4,4,4,4,1,1,3,2,2,3,2,1,3,1,1,1,1,4,4,2,1,1,3,3,4,4,4,3,3,1,1,1,4,4,4,4,2,4,4,3,3,5,4,4,2,2,2,2,3,3,5,1,2,2,2,3,3,2,2,3,2,2,4,4,1,3,4,NA,2,2,1,3,3,3,3,2,NA,NA,NA,NA,NA,NA,NA,NA,NA,NA,NA,NA,NA,3,2,2,3,3,3,3,2,2,3,3,3,1,1,2,4,2,2,1,1,1,5,5,4,2,1,2,1,1,5,5,3,3,1,5,5,1,4,2,1,1,2,1,2,2,1,1,5,2,2,3,3,2,2
#3D250018,69.5,3,3,1,3,3,4,4,2,1,1,3,3,3,1,1,3,NA,3,3,3,3,2,2,1,4,3,3,4,2,2,2,4,3,NA,NA,NA,NA,NA,NA,NA,5,5,NA,4,4,3,3,1,1,2,2,1,NA,2,1,1,2,2,NA,NA,NA,NA,NA,NA,NA,2,2,3,2,2,3,1,1,2,3,2,3,3,4,4,3,3,4,4,3,3,3,1,1,1,1,5,4,4,2,4,1,3,3,5,1,4,2,2,5,2,2,3,2,1,1,1,2,3,3,2,2,3,2,2,4,4,3,3,4,4,2,2,1,1,1,3,3,2,NA,NA,NA,NA,NA,NA,2,1,1,1,2,1,1,NA,NA,NA,NA,NA,NA,NA,2,2,3,3,3,1,1,1,1,2,2,1,1,1,5,5,4,NA,NA,NA,NA,NA,2,5,3,3,1,5,5,NA,NA,NA,NA,NA,NA,NA,NA,NA,1,1,5,2,2,3,3,2,2
#65A98C4,67.5,2,3,1,4,4,1,4,2,1,1,3,3,3,3,3,3,3,5,2,3,1,1,2,1,1,5,3,4,2,2,2,2,2,2,2,4,1,5,3,3,NA,5,4,3,4,3,3,1,1,4,2,1,3,2,4,1,2,2,NA,2,4,4,1,1,3,2,2,3,2,2,3,NA,NA,1,NA,4,4,2,4,1,NA,NA,NA,NA,4,3,3,1,1,1,2,5,5,5,NA,NA,1,3,3,5,4,4,4,4,2,2,3,5,3,1,1,2,2,1,3,2,2,3,2,2,4,4,4,4,4,4,4,4,1,3,3,3,1,2,4,3,4,2,2,3,2,2,4,4,2,2,1,NA,NA,NA,NA,NA,NA,NA,2,2,3,3,3,1,1,1,4,2,2,1,4,1,5,5,4,1,1,2,1,1,5,5,3,3,2,5,5,1,3,2,2,1,2,1,2,2,1,1,5,2,2,2,3,3,3
#8FE8A7C,45.5,2,3,3,3,3,4,4,2,1,1,3,4,3,3,1,3,3,5,2,3,1,4,4,4,1,3,3,4,4,1,4,4,3,3,2,3,1,5,2,4,5,5,3,4,4,3,NA,2,1,4,2,1,2,2,3,NA,2,3,NA,NA,NA,NA,NA,NA,NA,NA,NA,NA,1,1,3,4,1,3,3,1,4,4,2,1,3,3,4,4,3,2,3,1,1,1,2,5,1,4,2,4,4,3,3,4,2,4,2,2,2,2,3,4,5,1,1,2,2,2,3,2,2,3,3,4,4,4,3,3,4,4,NA,NA,NA,NA,NA,NA,NA,NA,2,4,1,2,4,3,2,1,3,1,2,2,2,2,2,2,1,3,2,3,2,2,3,3,3,1,1,1,4,2,2,2,3,1,5,5,4,5,1,2,3,1,1,5,3,3,1,5,5,2,1,2,2,1,2,1,2,2,2,1,2,2,2,4,3,4,2
#951035B,61.5,3,3,1,3,3,4,4,2,1,1,3,2,3,3,1,3,3,3,3,3,3,1,2,1,1,4,3,4,1,1,2,2,3,2,2,4,5,5,4,4,5,5,5,5,4,3,3,2,1,1,2,1,2,2,1,1,2,2,4,4,4,4,1,1,3,2,2,3,3,1,3,4,4,1,3,4,4,2,4,1,3,3,4,4,4,2,3,1,1,NA,1,1,4,4,2,2,4,3,3,5,5,4,2,2,2,2,3,5,5,2,2,1,1,1,3,2,NA,3,2,2,4,4,3,3,4,4,2,2,1,3,3,3,3,2,4,4,3,4,4,3,2,2,1,1,2,1,2,2,2,2,3,3,5,5,2,2,3,3,3,1,1,2,4,2,2,1,1,1,1,5,4,1,1,2,2,1,5,5,3,3,1,5,5,4,4,2,1,1,2,1,2,2,1,1,5,2,2,2,3,3,3
#99D148,55.5,3,3,3,NA,NA,1,4,2,NA,NA,NA,NA,2,2,1,2,3,1,NA,NA,NA,NA,NA,NA,NA,NA,2,2,2,NA,2,2,2,4,4,3,5,5,NA,NA,NA,NA,NA,NA,NA,3,NA,2,1,4,2,1,2,2,4,4,1,1,NA,NA,NA,NA,NA,NA,NA,2,2,3,2,NA,3,1,1,NA,NA,NA,NA,NA,4,1,3,3,4,4,3,3,NA,1,1,1,NA,NA,4,4,2,NA,NA,2,3,4,2,4,NA,NA,NA,NA,NA,1,5,1,1,2,2,2,2,3,2,3,3,3,4,5,2,1,4,4,NA,NA,NA,NA,NA,NA,NA,NA,1,4,2,2,4,3,NA,NA,NA,NA,NA,NA,NA,1,2,2,1,3,2,3,NA,4,3,3,1,1,1,4,4,2,2,2,2,1,5,5,4,2,1,5,2,1,NA,NA,3,3,2,5,5,2,2,2,1,3,2,2,3,2,NA,NA,5,2,2,4,4,3,3
#B20E3C8,69,3,3,1,3,3,4,4,2,1,1,3,3,3,1,4,3,3,5,3,3,3,1,1,3,1,3,3,4,1,1,4,4,2,3,3,3,2,5,3,4,5,5,4,5,4,3,3,2,1,2,2,1,4,2,4,4,3,3,NA,NA,NA,NA,NA,NA,NA,2,2,3,1,1,3,1,1,3,3,3,4,2,4,1,3,3,4,4,4,3,3,1,1,1,2,2,4,NA,2,1,1,3,3,5,4,3,3,2,2,2,3,NA,5,NA,2,NA,NA,NA,NA,NA,NA,NA,NA,3,NA,NA,2,3,4,4,2,2,1,3,3,3,3,3,5,5,3,2,2,3,2,2,4,1,2,1,2,3,2,2,3,3,2,3,2,2,3,3,3,1,1,2,4,2,5,2,4,4,2,3,4,1,1,2,4,1,5,5,3,3,1,5,5,4,1,2,1,1,2,1,2,NA,1,5,5,2,2,1,1,2,2
#E97BD24,59.5,3,3,1,1,2,4,4,2,1,1,2,4,3,1,1,3,NA,3,3,3,1,2,2,5,1,3,3,5,4,2,1,4,4,2,2,4,3,5,2,1,5,5,4,4,3,3,3,4,4,3,1,2,NA,NA,NA,NA,NA,NA,4,4,4,4,1,1,3,2,2,3,3,3,3,1,1,1,1,4,4,2,4,4,3,NA,4,NA,3,3,3,1,1,1,NA,NA,NA,NA,NA,3,4,3,3,5,4,4,2,2,2,2,3,NA,NA,NA,NA,NA,NA,3,3,2,2,3,1,1,NA,NA,3,3,2,4,NA,NA,1,2,3,2,2,4,NA,NA,NA,NA,NA,NA,NA,NA,2,1,1,1,1,NA,NA,NA,NA,NA,NA,NA,2,2,3,3,3,1,1,4,4,2,2,1,1,1,5,5,4,4,1,2,1,NA,5,5,4,3,1,3,3,2,2,2,2,1,2,1,2,2,1,4,5,2,2,1,1,2,2
#EA8983E,55,NA,NA,NA,NA,NA,NA,NA,NA,NA,NA,NA,NA,NA,NA,NA,NA,NA,NA,NA,NA,NA,NA,NA,NA,NA,NA,NA,NA,NA,NA,NA,NA,NA,NA,NA,NA,NA,NA,NA,NA,NA,NA,NA,NA,NA,NA,NA,NA,NA,NA,NA,NA,NA,NA,NA,NA,NA,NA,NA,NA,NA,NA,NA,NA,NA,NA,NA,NA,NA,NA,NA,NA,NA,NA,NA,NA,NA,NA,NA,NA,NA,NA,NA,NA,NA,NA,NA,NA,NA,NA,NA,NA,NA,NA,NA,NA,NA,NA,NA,NA,NA,NA,NA,NA,NA,NA,NA,NA,4,1,1,1,1,NA,NA,NA,NA,NA,NA,NA,NA,NA,3,3,4,4,NA,NA,NA,NA,NA,NA,NA,NA,NA,NA,NA,NA,NA,NA,NA,NA,NA,NA,NA,NA,NA,NA,NA,NA,NA,NA,NA,NA,NA,NA,NA,NA,NA,NA,NA,NA,NA,NA,NA,NA,NA,NA,NA,NA,NA,NA,NA,NA,NA,NA,NA,NA,NA,NA,NA,NA,NA,NA,NA,NA,NA,NA,NA,NA,NA,NA,NA,NA,NA,NA,NA,NA,NA,NA,NA
#F9FBA2A,46.5,1,3,1,3,4,5,5,2,1,1,3,3,3,1,1,3,3,5,1,3,3,1,2,3,1,4,3,4,4,1,2,2,4,4,4,4,1,4,3,4,5,5,4,5,4,3,3,2,1,1,1,1,4,2,4,1,1,3,NA,NA,NA,NA,NA,NA,NA,2,2,3,2,2,3,1,1,3,3,2,1,2,4,1,3,3,4,4,3,3,3,1,1,1,1,5,4,4,2,4,4,3,3,4,4,4,2,2,2,2,3,4,4,1,1,1,1,3,3,2,2,2,3,3,4,4,1,1,4,4,4,4,1,3,3,3,3,2,4,4,5,2,2,5,2,2,3,3,2,1,1,2,3,2,2,2,2,2,2,2,3,3,3,1,1,2,4,2,2,1,2,1,3,5,5,1,1,2,4,1,2,5,3,3,1,4,5,4,4,2,1,1,2,1,2,2,1,1,1,2,2,2,2,2,2
#25A87CF1,NA,3,3,1,3,3,4,4,2,1,1,3,3,3,1,1,3,3,4,NA,NA,NA,NA,NA,3,1,3,3,4,2,1,4,2,1,1,2,3,4,5,1,2,5,3,4,5,4,3,NA,2,2,2,2,1,NA,NA,NA,1,3,3,4,4,4,4,1,1,3,NA,NA,NA,1,NA,3,2,2,NA,NA,NA,NA,NA,NA,NA,3,3,4,4,3,3,3,1,3,1,1,5,4,4,2,4,4,3,3,4,5,4,2,2,2,2,3,3,3,1,1,1,2,3,3,1,2,3,2,2,2,4,1,1,4,4,NA,NA,5,3,3,3,3,2,NA,NA,NA,NA,NA,NA,1,NA,3,3,2,4,4,2,4,2,2,3,2,2,NA,NA,NA,NA,NA,NA,NA,NA,NA,NA,NA,NA,NA,NA,NA,NA,NA,4,1,2,2,1,NA,NA,NA,NA,NA,NA,NA,4,2,2,1,1,2,1,2,2,1,1,5,2,2,1,1,2,2
#3217D0F5,NA,1,3,1,3,3,4,4,3,3,1,3,3,3,1,1,3,3,5,2,3,3,1,1,1,1,2,3,4,2,2,3,2,1,1,2,3,1,NA,NA,NA,NA,NA,NA,NA,NA,3,3,3,3,2,2,1,NA,NA,NA,NA,NA,NA,4,NA,4,4,1,1,3,NA,NA,NA,2,NA,3,1,1,1,1,4,1,2,4,4,3,3,4,NA,3,3,3,1,1,1,2,2,1,4,2,4,4,3,3,4,1,1,2,2,2,NA,3,4,4,1,1,1,1,3,3,NA,2,3,2,2,NA,NA,NA,NA,NA,NA,4,4,1,3,3,3,3,2,3,4,1,2,2,5,2,2,1,1,2,1,1,3,3,2,3,3,2,2,NA,2,3,3,3,1,1,1,4,2,2,1,1,1,5,5,4,NA,1,2,NA,1,5,5,3,3,1,5,5,4,4,2,1,1,2,1,2,2,1,1,1,2,2,1,1,3,3
#3667BFEE,NA,3,3,1,4,4,4,4,1,1,1,2,3,3,2,1,3,3,5,2,2,1,1,1,5,5,2,2,4,NA,NA,NA,NA,NA,NA,NA,NA,NA,NA,NA,NA,NA,NA,NA,NA,NA,NA,NA,NA,NA,NA,NA,NA,NA,NA,NA,NA,NA,NA,4,4,4,4,1,1,3,NA,NA,NA,NA,NA,NA,NA,NA,NA,NA,NA,NA,NA,NA,NA,NA,NA,NA,NA,NA,NA,NA,NA,NA,NA,NA,NA,NA,NA,NA,NA,NA,NA,NA,NA,NA,NA,NA,NA,NA,NA,NA,NA,NA,NA,NA,NA,NA,3,3,2,2,3,2,2,NA,NA,NA,NA,NA,NA,NA,NA,NA,NA,NA,NA,NA,NA,NA,NA,NA,NA,NA,NA,NA,NA,NA,NA,NA,NA,NA,NA,NA,NA,NA,NA,NA,NA,2,2,3,3,3,1,1,1,1,1,1,1,1,1,1,5,4,2,1,5,1,1,5,5,4,3,1,5,5,1,4,2,1,1,2,2,2,2,1,1,5,NA,2,2,2,2,3
#3889E657,NA,3,3,1,3,3,2,4,2,1,1,3,2,3,3,1,3,3,3,3,3,2,1,1,3,3,3,3,4,4,1,2,2,2,NA,NA,NA,NA,NA,2,2,3,3,3,4,4,NA,NA,NA,NA,NA,NA,NA,2,2,3,1,2,2,NA,NA,NA,NA,NA,NA,NA,2,2,3,3,3,3,3,2,3,1,4,1,4,1,1,3,3,4,NA,3,3,3,1,1,1,1,2,4,4,2,NA,NA,NA,NA,NA,NA,NA,2,2,2,2,3,5,5,1,1,1,1,3,3,2,2,3,4,2,4,NA,3,3,4,4,NA,NA,NA,NA,NA,NA,NA,NA,4,4,3,3,3,3,NA,NA,NA,NA,NA,NA,NA,3,4,2,2,2,2,NA,NA,2,3,3,3,1,1,1,4,2,2,1,1,1,5,5,5,1,1,2,1,1,5,5,3,3,1,5,NA,2,2,2,2,1,2,2,2,2,1,1,5,2,2,2,2,2,2
#3891379E,NA,3,3,1,NA,NA,NA,NA,NA,NA,NA,NA,NA,NA,NA,NA,NA,NA,NA,3,3,1,1,2,1,1,3,3,4,NA,NA,NA,NA,NA,NA,NA,NA,NA,NA,NA,NA,NA,NA,NA,NA,NA,NA,NA,NA,NA,NA,NA,NA,NA,NA,NA,NA,NA,NA,4,4,4,4,1,1,3,NA,NA,NA,NA,NA,NA,NA,NA,1,1,3,4,3,3,1,NA,NA,NA,NA,NA,NA,NA,NA,NA,NA,NA,NA,NA,NA,NA,4,4,3,3,4,5,1,NA,NA,NA,NA,NA,NA,NA,NA,NA,NA,NA,3,3,2,2,3,2,2,NA,NA,NA,NA,NA,NA,2,2,1,3,3,3,3,2,5,4,1,4,4,3,NA,NA,NA,NA,NA,NA,NA,NA,NA,NA,NA,NA,NA,NA,NA,NA,3,5,3,1,1,3,2,2,2,1,4,1,1,5,4,1,1,2,1,1,5,5,3,3,1,5,5,1,1,2,1,1,2,2,2,2,1,1,5,2,2,4,1,2,2
#3AE823F1,NA,3,3,3,1,3,4,4,2,3,2,3,3,3,NA,3,3,3,5,1,3,3,4,NA,NA,1,3,3,3,NA,2,1,1,4,NA,NA,NA,NA,NA,3,2,2,2,1,NA,2,3,3,1,2,1,1,3,4,4,2,2,3,1,2,NA,4,4,1,1,3,NA,NA,NA,NA,NA,NA,NA,NA,NA,NA,NA,NA,NA,NA,NA,NA,NA,NA,NA,NA,NA,NA,NA,NA,NA,NA,NA,NA,NA,NA,NA,NA,NA,NA,NA,NA,NA,NA,NA,NA,NA,NA,NA,NA,NA,NA,NA,NA,2,2,2,2,3,1,1,NA,NA,NA,NA,NA,NA,NA,NA,NA,NA,NA,NA,NA,NA,NA,NA,NA,NA,NA,NA,NA,NA,NA,NA,NA,NA,NA,NA,NA,NA,NA,NA,NA,NA,2,2,3,3,3,1,1,2,4,3,2,2,1,1,1,5,4,2,2,2,NA,1,2,5,3,3,1,5,5,2,2,2,4,1,2,2,2,2,5,5,5,2,2,2,2,2,2
#3AEC9A4C,NA,2,3,1,3,3,4,5,2,2,1,3,3,3,1,1,3,3,5,2,2,5,3,2,1,1,4,3,4,3,3,2,2,1,1,1,4,2,2,2,2,4,2,2,4,4,1,3,2,2,3,2,1,1,2,2,2,1,1,4,NA,4,4,1,1,3,NA,NA,NA,NA,NA,NA,NA,NA,NA,NA,NA,NA,NA,NA,NA,NA,NA,NA,NA,NA,NA,NA,NA,NA,NA,NA,NA,NA,NA,NA,NA,NA,NA,NA,NA,NA,NA,NA,NA,NA,NA,NA,NA,NA,NA,NA,NA,NA,2,2,2,2,3,3,2,NA,NA,NA,NA,NA,NA,NA,NA,NA,NA,NA,NA,NA,NA,NA,NA,NA,NA,NA,NA,NA,NA,NA,NA,NA,NA,NA,NA,NA,NA,NA,NA,NA,NA,2,2,3,3,3,1,1,1,2,1,2,1,2,2,1,1,4,5,5,2,3,1,5,5,4,4,1,3,5,3,4,2,1,1,2,2,2,2,1,1,5,2,2,1,2,2,2
#3AEFDF0A,NA,2,2,1,NA,NA,NA,NA,NA,1,1,3,3,3,2,1,1,2,1,NA,NA,NA,NA,NA,NA,NA,NA,NA,NA,NA,NA,NA,NA,NA,NA,NA,NA,NA,NA,2,3,NA,NA,NA,NA,NA,NA,NA,NA,NA,NA,NA,NA,NA,NA,NA,NA,NA,NA,4,4,3,4,1,1,3,NA,NA,NA,NA,NA,NA,NA,NA,NA,NA,NA,NA,NA,NA,NA,NA,NA,NA,NA,NA,NA,NA,NA,NA,NA,NA,NA,NA,NA,NA,NA,NA,NA,NA,NA,NA,NA,NA,NA,NA,NA,NA,NA,NA,NA,NA,NA,NA,3,3,2,2,3,4,4,NA,NA,NA,NA,NA,NA,NA,NA,NA,NA,NA,NA,NA,NA,NA,NA,NA,NA,NA,NA,NA,NA,NA,NA,NA,NA,NA,NA,NA,NA,NA,NA,NA,NA,2,3,1,3,3,1,1,3,4,4,2,2,2,1,1,5,1,2,NA,2,1,1,5,5,3,3,2,3,5,3,1,4,2,1,2,2,1,2,NA,NA,NA,NA,NA,NA,NA,NA,NA
#3AF9DE1D,NA,3,3,1,2,3,NA,3,2,1,1,3,2,3,2,1,3,3,3,2,3,2,3,2,1,NA,3,3,4,1,2,2,2,1,NA,NA,NA,NA,NA,4,3,2,5,3,4,4,3,NA,2,4,4,4,3,2,2,4,4,3,3,NA,4,4,NA,2,1,3,2,2,3,2,2,3,5,4,1,3,5,4,1,5,5,NA,NA,NA,NA,NA,NA,NA,NA,NA,NA,NA,NA,NA,NA,NA,NA,NA,NA,NA,NA,NA,NA,NA,NA,NA,NA,NA,NA,NA,NA,NA,NA,NA,3,3,2,2,3,2,2,NA,NA,NA,NA,NA,NA,NA,NA,NA,NA,NA,NA,NA,NA,NA,NA,NA,NA,NA,NA,NA,NA,NA,NA,NA,NA,NA,NA,NA,NA,NA,NA,NA,NA,4,2,2,3,3,1,1,1,1,2,2,1,4,4,1,1,3,5,5,5,2,1,1,5,1,3,2,3,5,3,4,2,1,1,2,1,3,2,1,1,5,2,2,2,3,2,2
#3B0F6652,NA,3,3,1,4,1,4,4,2,1,1,3,2,3,1,1,3,3,NA,3,3,1,3,2,1,1,2,3,4,1,1,4,2,4,3,3,4,5,5,4,4,3,3,5,4,4,3,3,4,4,2,2,1,3,4,5,4,2,3,NA,NA,NA,NA,NA,NA,NA,2,2,3,2,2,3,1,1,3,3,1,1,4,4,1,3,3,4,4,1,3,3,1,1,1,4,5,3,4,2,5,4,3,3,5,5,5,2,2,2,2,3,2,2,1,1,2,2,NA,NA,NA,NA,NA,NA,NA,2,4,1,1,1,4,NA,NA,NA,2,3,3,3,2,5,5,3,4,4,3,1,1,4,3,4,1,1,1,1,2,3,3,4,4,NA,NA,NA,NA,NA,NA,NA,NA,NA,NA,NA,NA,NA,NA,NA,NA,NA,NA,NA,NA,NA,NA,NA,NA,NA,NA,NA,NA,NA,NA,NA,NA,NA,NA,NA,NA,NA,NA,1,1,5,2,NA,1,1,3,2
#3B18AD8E,NA,2,3,3,4,4,4,4,2,3,1,3,3,3,1,1,3,3,5,2,3,3,1,1,1,1,2,3,4,2,2,3,2,1,3,3,1,1,5,2,4,5,5,4,4,4,3,3,2,1,2,2,1,2,2,4,2,3,3,4,4,4,4,1,1,3,2,2,3,2,2,3,3,3,NA,NA,NA,NA,NA,NA,NA,NA,NA,NA,NA,NA,NA,NA,NA,NA,NA,NA,NA,NA,NA,NA,NA,NA,NA,NA,NA,NA,NA,NA,NA,NA,NA,NA,NA,NA,NA,NA,NA,NA,1,3,1,2,3,3,2,NA,NA,NA,NA,NA,NA,NA,NA,NA,NA,NA,NA,NA,NA,NA,NA,NA,NA,NA,NA,NA,NA,NA,NA,NA,NA,NA,NA,NA,NA,NA,NA,NA,NA,2,2,3,3,4,1,1,5,4,2,1,1,4,4,5,5,4,3,1,2,4,1,2,5,3,3,1,5,5,2,4,2,1,1,2,1,2,2,1,1,5,2,2,2,1,2,2
#3BC49B64,NA,2,3,3,4,3,4,4,2,1,1,3,3,3,3,3,1,3,3,3,3,3,1,2,5,1,3,3,4,3,2,2,2,1,3,3,2,3,NA,4,4,5,NA,3,4,4,4,3,2,2,2,2,1,2,2,1,4,3,2,4,4,3,3,1,1,3,2,2,3,2,NA,3,1,1,3,3,1,1,2,4,1,NA,NA,NA,NA,NA,NA,NA,NA,NA,NA,NA,NA,NA,NA,NA,NA,NA,NA,NA,NA,NA,NA,NA,NA,NA,NA,NA,NA,NA,NA,NA,NA,NA,3,3,1,2,2,1,2,NA,NA,NA,NA,NA,NA,NA,NA,NA,NA,NA,NA,NA,NA,NA,NA,NA,NA,NA,NA,NA,NA,NA,NA,NA,NA,NA,NA,NA,NA,NA,NA,NA,NA,2,2,3,3,3,2,1,2,4,1,2,1,1,1,1,5,4,5,4,2,3,1,3,5,3,3,2,5,5,2,2,2,1,1,2,1,2,2,1,1,5,1,2,4,1,2,2
#3BCACC3D,NA,1,3,1,3,3,4,4,2,2,2,3,4,3,5,3,3,3,1,1,1,1,2,1,1,1,4,3,4,3,1,2,2,3,4,2,4,2,2,3,4,3,3,2,4,4,3,3,3,1,1,1,1,4,2,4,1,3,2,2,4,3,4,2,2,3,2,2,3,1,1,3,2,4,1,3,2,3,3,1,1,NA,NA,NA,NA,NA,NA,NA,NA,NA,NA,NA,NA,NA,NA,NA,NA,NA,NA,NA,NA,NA,NA,NA,NA,NA,NA,NA,NA,NA,NA,NA,NA,NA,4,4,2,2,3,4,2,NA,NA,NA,NA,NA,NA,NA,NA,NA,NA,NA,NA,NA,NA,NA,NA,NA,NA,NA,NA,NA,NA,NA,NA,NA,NA,NA,NA,NA,NA,NA,NA,NA,NA,2,2,5,3,3,1,1,2,2,3,2,1,3,1,1,1,4,5,1,2,1,1,2,2,3,3,1,1,5,1,4,2,1,1,2,1,2,2,5,1,4,2,2,1,1,3,2
#3C30464A,NA,3,3,1,3,3,2,5,2,1,1,3,3,3,1,1,3,3,3,NA,NA,NA,NA,NA,1,1,3,3,4,3,3,2,2,1,1,1,3,5,4,1,2,2,5,3,4,4,3,3,2,1,2,2,1,3,2,2,4,1,3,3,4,4,4,1,1,3,2,2,3,1,2,3,1,1,NA,NA,NA,NA,NA,NA,NA,2,3,4,4,3,3,3,1,4,1,2,2,3,4,2,4,4,5,3,4,4,4,2,2,2,2,3,NA,NA,NA,NA,NA,NA,2,2,2,2,3,1,2,2,4,1,3,1,1,NA,NA,NA,NA,NA,NA,NA,NA,5,5,3,4,3,3,NA,NA,NA,NA,NA,NA,NA,NA,NA,NA,NA,NA,NA,NA,2,2,1,3,3,1,1,3,2,1,2,1,1,2,1,1,4,5,5,2,2,1,2,2,3,3,1,3,5,5,2,2,1,1,2,2,2,2,1,1,3,2,2,2,2,2,NA
#3CCAFD0B,NA,3,3,1,3,3,4,4,1,1,1,3,3,3,2,1,3,3,1,2,3,2,1,1,3,3,3,3,3,4,3,1,4,2,NA,NA,NA,NA,NA,1,2,2,2,2,2,4,3,3,1,2,1,1,3,2,2,2,2,3,3,NA,NA,NA,4,1,1,3,NA,NA,NA,NA,NA,NA,NA,NA,NA,NA,NA,NA,NA,NA,NA,NA,NA,NA,NA,NA,NA,NA,NA,NA,NA,NA,NA,NA,NA,NA,NA,NA,NA,NA,NA,NA,NA,NA,NA,NA,NA,NA,NA,NA,NA,NA,NA,NA,1,3,4,2,3,4,1,NA,NA,NA,NA,NA,NA,NA,NA,NA,NA,NA,NA,NA,NA,NA,NA,NA,NA,NA,NA,NA,NA,NA,NA,NA,NA,NA,NA,NA,NA,NA,NA,NA,NA,2,2,3,3,3,1,1,2,4,1,2,1,1,5,3,5,1,5,4,2,4,1,2,2,3,3,2,5,5,1,2,2,1,2,2,2,1,NA,1,5,2,2,3,4,4,4,NA
#3F13725E,NA,3,3,1,1,3,5,4,2,1,1,3,2,3,1,1,3,3,3,1,3,1,1,2,4,1,3,3,4,2,2,1,1,5,4,4,3,3,NA,4,4,4,5,4,5,3,1,1,2,3,1,2,1,NA,NA,NA,NA,NA,NA,1,4,4,4,1,1,3,2,2,3,2,1,3,4,1,1,1,1,4,2,4,1,3,3,4,4,3,2,3,2,1,1,2,1,4,4,2,4,4,3,3,5,4,4,2,2,2,2,3,1,5,2,2,2,1,2,3,2,2,3,4,2,4,4,2,3,4,4,2,2,1,3,3,3,3,2,NA,NA,NA,NA,NA,NA,NA,NA,NA,NA,NA,NA,NA,NA,NA,NA,NA,NA,NA,NA,2,2,5,5,3,1,1,NA,1,2,2,3,5,5,5,5,4,NA,1,2,3,1,5,5,3,3,2,5,5,2,1,2,1,1,2,2,2,2,5,1,5,2,2,3,3,3,3
#3AED9D4A,NA,NA,NA,NA,NA,NA,4,NA,NA,NA,NA,NA,NA,NA,NA,NA,NA,NA,NA,NA,NA,NA,NA,NA,NA,NA,NA,NA,NA,NA,NA,NA,NA,NA,NA,NA,NA,NA,NA,NA,NA,NA,NA,NA,NA,NA,NA,NA,NA,NA,NA,NA,NA,NA,NA,NA,NA,NA,NA,NA,NA,NA,NA,NA,NA,NA,NA,NA,NA,NA,NA,NA,NA,NA,NA,NA,NA,NA,NA,NA,NA,NA,NA,NA,NA,NA,NA,NA,NA,NA,NA,NA,NA,NA,NA,NA,NA,NA,NA,NA,NA,NA,NA,NA,NA,NA,NA,NA,NA,NA,NA,NA,NA,NA,4,3,2,2,3,4,NA,NA,NA,NA,NA,NA,NA,NA,NA,NA,NA,NA,NA,NA,NA,NA,NA,NA,NA,NA,NA,NA,NA,NA,NA,NA,NA,NA,NA,NA,NA,NA,NA,NA,NA,NA,NA,NA,NA,NA,NA,NA,NA,NA,NA,NA,NA,NA,NA,NA,NA,NA,NA,NA,NA,NA,NA,NA,NA,NA,NA,NA,NA,NA,NA,NA,NA,NA,NA,NA,NA,NA,NA,NA,NA,NA,NA,NA,NA,NA,NA,NA
#3BBD7CFA,NA,NA,NA,NA,2,3,4,4,4,NA,NA,NA,NA,NA,NA,NA,NA,NA,NA,NA,NA,NA,NA,NA,NA,NA,NA,NA,NA,NA,NA,NA,NA,NA,NA,NA,NA,NA,NA,NA,NA,NA,NA,NA,NA,NA,2,3,1,1,2,1,2,NA,NA,NA,NA,NA,NA,NA,NA,NA,NA,NA,NA,NA,NA,NA,NA,NA,NA,NA,NA,NA,NA,NA,NA,NA,NA,NA,NA,NA,NA,NA,NA,NA,NA,NA,NA,NA,NA,NA,NA,NA,NA,NA,NA,NA,NA,NA,NA,NA,NA,NA,NA,NA,NA,NA,NA,NA,NA,NA,NA,NA,NA,NA,NA,NA,NA,NA,NA,NA,NA,NA,NA,NA,NA,NA,NA,NA,NA,NA,NA,NA,NA,NA,NA,NA,NA,NA,NA,NA,NA,NA,NA,NA,NA,NA,NA,NA,NA,NA,NA,NA,NA,1,3,3,3,3,1,1,1,2,2,2,2,4,1,1,1,4,NA,NA,NA,NA,NA,NA,NA,NA,NA,NA,NA,NA,2,2,2,2,1,NA,NA,2,2,NA,NA,NA,NA,NA,NA,NA,NA,NA
#3C2C4656,NA,NA,NA,NA,4,3,4,4,2,3,3,3,3,3,1,1,3,3,5,1,1,1,1,1,1,1,3,3,5,2,1,4,4,3,1,2,3,4,NA,4,4,NA,NA,NA,NA,NA,2,3,2,2,3,2,1,3,3,4,4,3,3,4,4,5,4,1,NA,3,2,2,3,2,2,3,1,1,NA,3,1,1,3,2,4,NA,NA,NA,NA,NA,2,3,1,1,1,4,3,4,4,2,4,4,3,3,4,1,4,2,2,5,5,3,1,5,2,NA,1,1,3,3,2,2,3,3,NA,NA,NA,NA,NA,NA,NA,NA,NA,NA,NA,NA,NA,NA,NA,NA,NA,NA,NA,NA,NA,NA,NA,NA,NA,NA,NA,NA,NA,NA,NA,NA,NA,NA,NA,2,2,3,3,3,1,1,2,4,2,2,1,1,1,1,1,NA,NA,NA,NA,NA,NA,NA,NA,NA,NA,NA,NA,NA,2,4,2,1,1,2,2,5,5,5,5,3,4,4,2,3,2,NA
#3C6593CA,NA,NA,NA,NA,3,3,4,4,2,NA,NA,NA,NA,NA,NA,NA,NA,NA,NA,1,1,2,3,NA,NA,NA,NA,NA,NA,NA,NA,NA,NA,4,NA,NA,NA,NA,NA,3,1,NA,5,3,NA,4,4,NA,3,1,1,NA,1,2,2,4,4,2,2,NA,NA,NA,NA,NA,NA,NA,2,2,3,3,NA,3,1,1,NA,NA,NA,NA,NA,NA,NA,2,3,1,2,3,3,3,1,1,1,NA,NA,NA,NA,NA,NA,NA,NA,NA,NA,NA,NA,NA,NA,NA,NA,NA,NA,2,2,2,2,2,NA,NA,NA,NA,NA,NA,NA,NA,NA,NA,NA,NA,NA,2,3,1,3,3,3,3,2,NA,NA,NA,NA,NA,NA,NA,NA,NA,NA,NA,NA,NA,3,3,2,2,NA,2,2,NA,NA,NA,NA,NA,NA,NA,NA,NA,NA,NA,NA,NA,NA,NA,NA,NA,3,3,2,3,3,NA,NA,NA,NA,NA,NA,NA,NA,NA,3,1,1,2,2,2,2,NA,NA,NA,NA,NA,2,2,2,3
#3CCB0BFC,NA,NA,NA,NA,3,3,4,4,2,1,1,3,3,3,1,1,3,3,2,NA,NA,NA,NA,NA,NA,NA,NA,NA,NA,2,1,4,4,3,3,3,4,5,5,4,4,5,5,3,4,4,NA,NA,NA,NA,NA,NA,NA,NA,NA,NA,NA,NA,NA,NA,NA,NA,NA,NA,NA,NA,2,2,3,NA,NA,NA,NA,NA,NA,NA,NA,NA,NA,NA,NA,3,3,4,4,4,NA,NA,NA,NA,NA,2,2,4,4,1,NA,NA,NA,NA,NA,NA,NA,NA,NA,NA,NA,NA,NA,NA,NA,NA,NA,NA,NA,NA,NA,NA,NA,NA,NA,NA,NA,NA,NA,NA,NA,NA,NA,NA,NA,NA,NA,NA,NA,NA,NA,NA,NA,NA,NA,NA,NA,NA,NA,NA,NA,NA,3,2,2,3,3,5,5,NA,NA,NA,NA,NA,NA,NA,NA,NA,NA,NA,NA,NA,NA,NA,NA,NA,NA,NA,NA,NA,NA,NA,NA,NA,NA,NA,NA,NA,NA,NA,NA,NA,NA,NA,NA,NA,NA,NA,NA,NA,NA,NA,NA,NA,NA,NA
#F32D8E5,NA,NA,NA,NA,3,3,4,4,3,NA,NA,NA,NA,NA,NA,NA,NA,NA,NA,NA,NA,NA,NA,NA,NA,NA,NA,NA,NA,NA,NA,NA,NA,NA,NA,NA,NA,NA,NA,NA,NA,NA,NA,NA,NA,NA,NA,NA,NA,NA,NA,NA,NA,NA,NA,NA,NA,NA,NA,NA,NA,NA,NA,NA,NA,NA,NA,NA,NA,NA,NA,NA,NA,NA,NA,NA,NA,NA,NA,NA,NA,NA,NA,NA,NA,NA,NA,NA,NA,NA,NA,NA,NA,NA,NA,NA,NA,NA,NA,NA,NA,NA,NA,NA,NA,NA,NA,NA,NA,NA,NA,NA,NA,NA,3,3,2,2,3,3,2,NA,NA,NA,NA,NA,NA,NA,NA,NA,NA,NA,NA,NA,NA,NA,NA,NA,NA,NA,NA,NA,NA,NA,NA,NA,NA,NA,NA,NA,NA,NA,NA,NA,NA,NA,NA,NA,NA,NA,NA,NA,NA,NA,2,2,2,1,1,NA,NA,NA,3,1,2,2,1,NA,NA,NA,NA,NA,NA,NA,NA,NA,NA,NA,NA,NA,NA,NA,NA,1,1,4,2,2,1,2,1,2
#3A0B3C0D,NA,NA,NA,NA,NA,NA,NA,NA,NA,NA,NA,NA,NA,NA,NA,NA,NA,NA,NA,NA,NA,NA,NA,NA,NA,NA,NA,NA,NA,NA,NA,NA,NA,NA,NA,NA,NA,NA,NA,4,4,NA,NA,NA,NA,NA,NA,NA,NA,NA,NA,NA,NA,NA,NA,NA,NA,NA,NA,NA,NA,NA,NA,NA,NA,NA,NA,NA,NA,NA,NA,NA,NA,NA,NA,NA,NA,NA,NA,NA,NA,NA,NA,NA,NA,NA,NA,NA,NA,NA,NA,NA,NA,NA,NA,NA,NA,NA,NA,NA,NA,NA,NA,NA,NA,NA,NA,NA,NA,NA,NA,NA,NA,NA,NA,NA,NA,NA,NA,NA,NA,NA,NA,NA,NA,NA,NA,NA,NA,NA,NA,NA,NA,NA,NA,NA,NA,NA,NA,NA,NA,NA,NA,NA,NA,NA,NA,NA,NA,NA,NA,NA,NA,NA,NA,NA,NA,NA,NA,NA,NA,NA,NA,NA,NA,NA,NA,NA,NA,NA,NA,NA,NA,NA,NA,NA,NA,NA,NA,NA,NA,NA,NA,NA,NA,NA,NA,NA,NA,NA,NA,NA,NA,NA,NA,NA,NA,NA,NA,NA,NA,NA
#24586814,NA,NA,NA,NA,NA,NA,NA,NA,NA,NA,NA,NA,NA,NA,NA,NA,NA,NA,NA,NA,NA,NA,NA,NA,NA,NA,NA,NA,NA,NA,NA,NA,NA,NA,NA,NA,NA,NA,NA,NA,NA,NA,NA,NA,NA,NA,NA,NA,NA,NA,NA,NA,NA,NA,NA,NA,NA,NA,NA,4,NA,4,4,1,2,3,NA,NA,NA,NA,NA,NA,NA,NA,NA,NA,NA,NA,NA,NA,NA,NA,NA,NA,NA,NA,NA,NA,NA,NA,NA,NA,NA,NA,NA,NA,NA,NA,NA,NA,NA,NA,NA,NA,NA,NA,NA,NA,NA,NA,NA,NA,NA,NA,3,3,2,2,3,2,NA,NA,NA,NA,NA,NA,NA,NA,NA,NA,NA,NA,NA,NA,NA,NA,NA,NA,NA,NA,NA,NA,NA,NA,NA,NA,NA,NA,NA,NA,NA,NA,NA,NA,NA,2,2,3,3,3,1,1,5,5,NA,NA,NA,NA,NA,NA,NA,NA,NA,NA,NA,NA,NA,NA,NA,NA,NA,NA,NA,NA,NA,NA,NA,NA,NA,NA,NA,NA,NA,NA,NA,NA,NA,NA,NA,NA,NA,NA
#25746839,NA,NA,NA,NA,NA,NA,NA,NA,NA,NA,NA,NA,NA,NA,NA,NA,NA,NA,NA,NA,NA,NA,NA,NA,NA,NA,NA,NA,NA,NA,NA,NA,NA,NA,NA,NA,NA,NA,NA,NA,NA,NA,NA,NA,NA,NA,NA,NA,NA,NA,NA,NA,NA,NA,NA,NA,NA,NA,NA,2,4,2,4,1,1,3,NA,NA,NA,NA,NA,NA,NA,NA,NA,NA,NA,NA,NA,NA,NA,NA,NA,NA,NA,NA,NA,NA,NA,NA,NA,NA,NA,NA,NA,NA,NA,NA,NA,NA,NA,NA,NA,NA,NA,NA,NA,NA,NA,NA,NA,NA,NA,NA,2,3,2,2,2,3,3,NA,NA,NA,NA,NA,NA,NA,NA,NA,NA,NA,NA,NA,NA,NA,NA,NA,NA,NA,NA,NA,NA,NA,NA,NA,NA,NA,NA,NA,NA,NA,NA,NA,NA,4,2,5,5,3,2,1,5,4,NA,NA,NA,NA,NA,NA,NA,NA,NA,NA,NA,NA,NA,NA,NA,NA,NA,NA,NA,NA,NA,NA,NA,NA,NA,NA,NA,NA,NA,NA,NA,NA,NA,NA,NA,NA,NA,NA
#3454C7A7,NA,NA,NA,NA,NA,NA,NA,NA,NA,NA,NA,NA,NA,NA,NA,NA,NA,NA,NA,NA,NA,NA,NA,NA,NA,NA,NA,NA,NA,NA,NA,NA,NA,NA,NA,NA,NA,NA,NA,NA,NA,NA,NA,NA,NA,NA,NA,NA,NA,NA,NA,NA,NA,NA,NA,NA,NA,NA,NA,4,5,4,4,1,1,3,NA,NA,NA,NA,NA,NA,NA,NA,NA,NA,NA,NA,NA,NA,NA,NA,NA,NA,NA,NA,NA,NA,NA,NA,NA,NA,NA,NA,NA,NA,NA,NA,NA,NA,NA,NA,NA,NA,NA,NA,NA,NA,NA,NA,NA,NA,NA,NA,2,3,2,2,3,2,2,NA,NA,NA,NA,NA,NA,NA,NA,NA,NA,NA,NA,NA,NA,NA,NA,NA,NA,NA,NA,NA,NA,NA,NA,NA,NA,NA,NA,NA,NA,NA,NA,NA,NA,2,2,3,NA,3,1,1,1,4,3,2,1,4,1,1,5,4,2,1,2,3,1,1,5,3,3,2,5,5,4,4,2,1,1,2,1,2,NA,NA,NA,NA,NA,NA,NA,NA,NA,NA
#3AFC08CE,NA,NA,NA,NA,NA,NA,NA,NA,NA,NA,NA,NA,NA,NA,NA,NA,NA,NA,NA,NA,NA,NA,NA,NA,NA,NA,NA,NA,NA,NA,NA,NA,NA,NA,NA,NA,NA,NA,NA,NA,NA,NA,NA,NA,NA,NA,NA,NA,NA,NA,NA,NA,NA,NA,NA,NA,NA,NA,NA,NA,NA,NA,3,1,4,4,NA,NA,NA,NA,NA,NA,NA,NA,NA,NA,NA,NA,NA,NA,NA,NA,NA,NA,NA,NA,NA,NA,NA,NA,NA,NA,NA,NA,NA,NA,NA,NA,NA,NA,NA,NA,NA,NA,NA,NA,NA,NA,NA,NA,NA,NA,NA,NA,3,3,2,2,3,3,4,NA,NA,NA,NA,NA,NA,NA,NA,NA,NA,NA,NA,NA,NA,NA,NA,NA,NA,NA,NA,NA,NA,NA,NA,NA,NA,NA,NA,NA,NA,NA,NA,NA,NA,2,2,3,3,1,1,1,2,2,NA,NA,NA,NA,NA,NA,NA,NA,NA,NA,NA,NA,NA,2,2,3,3,1,5,5,NA,NA,NA,NA,NA,NA,NA,NA,NA,NA,NA,NA,NA,NA,NA,NA,NA,NA
#3B101833,NA,NA,NA,NA,NA,NA,NA,NA,NA,NA,NA,NA,NA,NA,NA,NA,NA,NA,NA,NA,NA,NA,NA,NA,NA,NA,NA,NA,NA,NA,NA,NA,NA,NA,NA,NA,NA,NA,NA,NA,NA,NA,NA,NA,NA,NA,NA,NA,NA,NA,NA,NA,NA,NA,NA,NA,NA,NA,NA,5,NA,4,4,2,NA,3,NA,NA,NA,NA,NA,NA,NA,NA,NA,NA,NA,NA,NA,NA,NA,NA,NA,NA,NA,NA,NA,NA,NA,NA,NA,NA,NA,NA,NA,NA,NA,NA,NA,NA,NA,NA,NA,NA,NA,NA,NA,NA,NA,NA,NA,NA,NA,NA,3,3,5,5,1,NA,NA,NA,NA,NA,NA,NA,NA,NA,NA,NA,NA,NA,NA,NA,NA,NA,NA,NA,NA,NA,NA,NA,NA,NA,NA,NA,NA,NA,NA,NA,NA,NA,NA,NA,NA,3,2,1,NA,3,1,NA,NA,NA,3,2,1,NA,NA,5,NA,NA,1,1,5,NA,NA,5,5,3,3,2,5,NA,NA,NA,NA,NA,NA,NA,NA,NA,NA,NA,NA,NA,NA,NA,NA,NA,NA,NA
#3B272438,NA,NA,NA,NA,NA,NA,NA,NA,NA,NA,NA,NA,NA,NA,NA,NA,NA,NA,NA,NA,NA,NA,NA,NA,NA,NA,NA,NA,NA,NA,NA,NA,NA,NA,NA,NA,NA,NA,NA,NA,NA,NA,NA,NA,NA,NA,NA,NA,NA,NA,NA,NA,NA,NA,NA,NA,NA,NA,NA,4,1,4,4,2,NA,3,NA,NA,NA,NA,NA,NA,NA,NA,NA,NA,NA,NA,NA,NA,NA,NA,NA,NA,NA,NA,NA,NA,NA,NA,NA,NA,NA,NA,NA,NA,NA,NA,NA,NA,NA,NA,NA,NA,NA,NA,NA,NA,NA,NA,NA,NA,NA,NA,NA,NA,NA,NA,NA,NA,NA,NA,NA,NA,NA,NA,NA,NA,NA,NA,NA,NA,NA,NA,NA,NA,NA,NA,NA,NA,NA,NA,NA,NA,NA,NA,NA,NA,NA,NA,NA,NA,NA,NA,NA,4,4,3,3,3,1,1,NA,NA,NA,NA,NA,NA,NA,3,NA,5,NA,NA,NA,NA,NA,NA,NA,NA,NA,NA,NA,NA,NA,NA,NA,NA,NA,NA,NA,NA,NA,NA,NA,NA,NA,NA,NA,NA,NA,NA
#3B59B5D7,NA,NA,NA,NA,NA,NA,NA,NA,NA,NA,NA,NA,NA,NA,NA,NA,NA,NA,NA,NA,NA,NA,NA,NA,NA,NA,NA,NA,NA,NA,NA,NA,NA,NA,NA,NA,NA,NA,NA,NA,NA,NA,NA,NA,NA,NA,NA,NA,NA,NA,NA,NA,NA,NA,NA,NA,NA,NA,NA,4,5,4,4,1,1,3,NA,NA,NA,NA,NA,NA,NA,NA,NA,NA,NA,NA,NA,NA,NA,NA,NA,NA,NA,NA,NA,NA,NA,NA,NA,NA,NA,NA,NA,NA,NA,NA,NA,NA,NA,NA,NA,NA,NA,NA,NA,NA,NA,NA,NA,NA,NA,NA,NA,2,NA,2,4,4,4,NA,NA,NA,NA,NA,NA,NA,NA,NA,NA,NA,NA,NA,NA,NA,NA,NA,NA,NA,NA,NA,NA,NA,NA,NA,NA,NA,NA,NA,NA,NA,NA,NA,NA,NA,NA,NA,NA,NA,NA,NA,NA,NA,NA,NA,NA,NA,NA,NA,NA,NA,NA,NA,NA,NA,NA,NA,NA,NA,NA,NA,NA,NA,NA,NA,NA,NA,NA,NA,NA,NA,NA,NA,NA,NA,NA,NA,NA,NA,NA,NA
#3C8AB006,NA,NA,NA,NA,NA,NA,NA,NA,NA,NA,NA,NA,NA,NA,NA,NA,NA,NA,NA,NA,NA,NA,NA,NA,NA,NA,NA,NA,NA,NA,NA,NA,NA,NA,NA,NA,NA,NA,NA,NA,NA,NA,NA,NA,NA,NA,NA,NA,NA,NA,NA,NA,NA,NA,NA,NA,NA,NA,NA,NA,NA,4,4,1,1,3,NA,NA,NA,NA,NA,NA,NA,NA,NA,NA,NA,NA,NA,NA,NA,NA,NA,NA,NA,NA,NA,NA,NA,NA,NA,NA,NA,NA,NA,NA,NA,NA,NA,NA,NA,NA,NA,NA,NA,NA,NA,NA,NA,NA,NA,NA,NA,NA,2,3,2,2,3,4,4,NA,NA,NA,NA,NA,NA,NA,NA,NA,NA,NA,NA,NA,NA,NA,NA,NA,NA,NA,NA,NA,NA,NA,NA,NA,NA,NA,NA,NA,NA,NA,NA,NA,NA,4,4,1,3,3,1,1,1,4,4,2,1,4,4,1,1,4,NA,NA,NA,NA,NA,NA,NA,NA,NA,NA,NA,NA,NA,NA,NA,NA,NA,NA,NA,NA,NA,NA,NA,NA,NA,NA,NA,NA,NA,NA
#32076356,NA,NA,NA,NA,NA,NA,NA,NA,NA,NA,NA,NA,NA,NA,NA,NA,NA,NA,NA,NA,NA,NA,NA,NA,NA,NA,NA,NA,NA,NA,NA,NA,NA,NA,NA,NA,NA,NA,NA,NA,NA,NA,NA,NA,NA,NA,NA,NA,NA,NA,NA,NA,NA,NA,NA,NA,NA,NA,NA,NA,NA,NA,NA,NA,NA,NA,NA,NA,2,NA,NA,NA,NA,NA,NA,NA,NA,NA,NA,NA,NA,NA,NA,NA,NA,NA,NA,NA,NA,NA,NA,NA,NA,NA,NA,NA,NA,NA,NA,NA,NA,NA,NA,NA,NA,NA,NA,NA,NA,NA,NA,NA,NA,NA,NA,NA,NA,NA,NA,NA,NA,NA,NA,NA,NA,NA,NA,NA,NA,NA,NA,NA,NA,NA,NA,NA,NA,NA,NA,NA,NA,NA,NA,NA,NA,NA,NA,NA,NA,NA,NA,NA,NA,NA,NA,NA,NA,NA,NA,NA,NA,NA,NA,NA,NA,NA,NA,NA,NA,NA,NA,NA,NA,NA,NA,NA,NA,NA,NA,NA,NA,NA,NA,NA,NA,NA,NA,NA,NA,NA,NA,NA,NA,NA,NA,NA,NA,NA,NA,NA,NA,NA
#3C5BE483,NA,NA,NA,NA,NA,NA,NA,NA,NA,NA,NA,NA,NA,NA,NA,NA,NA,NA,NA,NA,NA,NA,NA,NA,NA,NA,NA,NA,NA,NA,NA,NA,NA,NA,NA,NA,NA,NA,NA,NA,NA,NA,NA,NA,NA,NA,NA,NA,NA,NA,NA,NA,NA,NA,NA,NA,NA,NA,NA,NA,NA,NA,NA,NA,NA,NA,NA,NA,NA,3,NA,NA,NA,NA,NA,NA,NA,NA,NA,NA,NA,NA,NA,NA,NA,NA,NA,NA,NA,NA,NA,NA,NA,NA,NA,NA,NA,NA,NA,NA,NA,NA,NA,NA,NA,NA,NA,NA,NA,NA,NA,NA,NA,NA,NA,NA,NA,NA,NA,NA,NA,NA,NA,NA,NA,NA,NA,NA,NA,NA,NA,NA,NA,NA,NA,NA,NA,NA,NA,NA,NA,1,1,3,NA,NA,NA,NA,NA,NA,NA,NA,NA,NA,NA,NA,NA,NA,NA,NA,NA,NA,NA,NA,NA,NA,NA,NA,NA,NA,NA,NA,NA,NA,NA,NA,NA,NA,NA,NA,NA,NA,NA,NA,NA,NA,NA,NA,NA,NA,NA,NA,NA,NA,NA,NA,NA,NA,NA,NA,NA,NA
#39A26DF6,NA,NA,NA,NA,NA,NA,NA,NA,NA,NA,NA,NA,NA,NA,NA,NA,NA,NA,NA,NA,NA,NA,NA,NA,NA,NA,NA,NA,NA,NA,NA,NA,NA,NA,NA,NA,NA,NA,NA,NA,NA,NA,NA,NA,NA,NA,NA,NA,NA,NA,NA,NA,NA,NA,NA,NA,NA,NA,NA,NA,NA,NA,NA,NA,NA,NA,NA,NA,NA,NA,NA,NA,NA,NA,NA,NA,NA,NA,NA,NA,NA,3,3,3,4,3,NA,NA,NA,NA,NA,NA,NA,NA,NA,NA,NA,NA,NA,NA,NA,NA,NA,NA,NA,NA,NA,NA,NA,NA,NA,NA,NA,NA,NA,NA,NA,NA,NA,NA,NA,NA,NA,NA,NA,NA,NA,NA,NA,NA,NA,NA,NA,NA,NA,NA,NA,NA,NA,NA,NA,NA,NA,NA,NA,NA,NA,NA,NA,NA,NA,NA,NA,NA,NA,NA,NA,NA,NA,NA,NA,NA,NA,NA,NA,NA,NA,NA,NA,NA,NA,NA,NA,NA,NA,NA,NA,NA,NA,NA,NA,NA,NA,NA,NA,NA,NA,NA,NA,NA,NA,NA,NA,NA,NA,NA,NA,NA,NA,NA,NA,NA
#3C248890,NA,NA,NA,NA,NA,NA,NA,NA,NA,NA,NA,NA,NA,NA,NA,NA,NA,NA,NA,NA,NA,NA,NA,NA,NA,NA,NA,NA,NA,NA,NA,NA,NA,NA,NA,NA,NA,NA,NA,NA,NA,NA,NA,NA,NA,NA,NA,NA,NA,NA,NA,NA,NA,NA,NA,NA,NA,NA,NA,NA,NA,NA,NA,NA,NA,NA,NA,NA,NA,NA,NA,NA,NA,NA,NA,NA,NA,NA,NA,NA,NA,3,NA,NA,NA,NA,NA,NA,NA,NA,NA,NA,NA,NA,NA,NA,NA,NA,NA,NA,NA,NA,NA,NA,NA,NA,NA,NA,NA,NA,NA,NA,NA,NA,NA,NA,NA,NA,NA,NA,NA,NA,NA,NA,NA,NA,NA,NA,NA,NA,NA,NA,NA,NA,NA,NA,NA,NA,NA,NA,NA,NA,NA,NA,NA,NA,NA,NA,NA,NA,NA,NA,NA,NA,NA,NA,NA,NA,NA,NA,NA,NA,NA,NA,NA,NA,NA,NA,NA,NA,NA,NA,NA,NA,NA,NA,NA,NA,NA,NA,NA,NA,NA,NA,NA,NA,NA,NA,NA,NA,NA,NA,NA,NA,NA,NA,NA,NA,NA,NA,NA,NA
#3C358E87,NA,NA,NA,NA,NA,NA,NA,NA,NA,NA,NA,NA,NA,NA,NA,NA,NA,NA,NA,NA,NA,NA,NA,NA,NA,NA,NA,NA,NA,NA,NA,NA,NA,NA,NA,NA,NA,NA,NA,NA,NA,NA,NA,NA,NA,NA,NA,NA,NA,NA,NA,NA,NA,NA,NA,NA,NA,NA,NA,NA,NA,NA,NA,NA,NA,NA,NA,NA,NA,NA,NA,NA,NA,NA,NA,NA,NA,NA,NA,NA,NA,3,3,3,3,3,NA,NA,NA,NA,NA,NA,NA,NA,NA,NA,NA,NA,NA,NA,NA,NA,NA,NA,NA,NA,NA,NA,NA,NA,NA,NA,NA,NA,NA,NA,NA,NA,NA,NA,NA,NA,NA,NA,NA,NA,NA,NA,NA,NA,NA,NA,NA,NA,NA,NA,NA,NA,NA,NA,NA,NA,NA,NA,NA,NA,NA,NA,NA,NA,NA,NA,NA,NA,NA,NA,NA,NA,NA,NA,NA,NA,NA,NA,NA,NA,NA,NA,NA,NA,NA,NA,NA,NA,NA,NA,NA,NA,NA,NA,NA,NA,NA,NA,NA,NA,NA,NA,NA,NA,NA,NA,NA,NA,NA,NA,NA,NA,NA,NA,NA,NA
#3B0F81B5,NA,NA,NA,NA,NA,NA,NA,NA,NA,NA,NA,NA,NA,NA,NA,NA,NA,NA,NA,NA,NA,NA,NA,NA,NA,NA,NA,NA,NA,NA,NA,NA,NA,NA,NA,NA,NA,NA,NA,NA,NA,NA,NA,NA,NA,NA,NA,NA,NA,NA,NA,NA,NA,NA,NA,NA,NA,NA,NA,NA,NA,NA,NA,NA,NA,NA,NA,NA,NA,NA,NA,NA,NA,NA,NA,NA,NA,NA,NA,NA,NA,NA,NA,NA,NA,NA,NA,NA,NA,NA,NA,NA,NA,NA,NA,NA,NA,NA,NA,NA,NA,NA,NA,NA,NA,NA,NA,NA,NA,NA,NA,NA,NA,NA,2,3,2,2,4,1,4,NA,NA,NA,NA,NA,NA,NA,NA,NA,NA,NA,NA,NA,NA,NA,NA,NA,NA,NA,NA,NA,NA,NA,NA,NA,NA,NA,NA,NA,NA,NA,NA,NA,NA,4,4,1,3,3,1,1,3,4,2,2,1,4,4,1,1,4,NA,NA,NA,NA,NA,NA,NA,NA,NA,NA,NA,NA,NA,NA,NA,NA,NA,NA,NA,NA,NA,NA,NA,NA,NA,NA,NA,NA,NA,NA
#107383E,NA,NA,NA,NA,NA,NA,NA,NA,NA,NA,NA,NA,NA,NA,NA,NA,NA,NA,NA,NA,NA,NA,NA,NA,NA,NA,NA,NA,NA,NA,NA,NA,NA,NA,NA,NA,NA,NA,NA,NA,NA,NA,NA,NA,NA,NA,NA,NA,NA,NA,NA,NA,NA,NA,NA,NA,NA,NA,NA,NA,NA,NA,NA,NA,NA,NA,NA,NA,NA,NA,NA,NA,NA,NA,NA,NA,NA,NA,NA,NA,NA,NA,NA,NA,NA,NA,NA,NA,NA,NA,NA,NA,NA,NA,NA,NA,NA,NA,NA,NA,NA,NA,NA,NA,NA,NA,NA,NA,NA,NA,NA,NA,NA,NA,NA,NA,NA,NA,NA,NA,NA,NA,NA,NA,NA,NA,NA,NA,NA,NA,NA,NA,NA,NA,NA,NA,NA,NA,NA,NA,NA,NA,NA,NA,NA,NA,NA,NA,NA,NA,NA,NA,NA,NA,NA,NA,NA,NA,NA,NA,NA,2,NA,5,NA,NA,NA,NA,NA,NA,NA,NA,NA,NA,NA,NA,NA,NA,NA,NA,NA,NA,NA,NA,NA,NA,NA,NA,NA,NA,NA,NA,NA,NA,NA,NA,NA,NA,NA,NA,NA,NA
#12C3C011,NA,NA,NA,NA,NA,NA,NA,NA,NA,NA,NA,NA,NA,NA,NA,NA,NA,NA,NA,NA,NA,NA,NA,NA,NA,NA,NA,NA,NA,NA,NA,NA,NA,NA,NA,NA,NA,NA,NA,NA,NA,NA,NA,NA,NA,NA,NA,NA,NA,NA,NA,NA,NA,NA,NA,NA,NA,NA,NA,NA,NA,NA,NA,NA,NA,NA,NA,NA,NA,NA,NA,NA,NA,NA,NA,NA,NA,NA,NA,NA,NA,NA,NA,NA,NA,NA,NA,NA,NA,NA,NA,NA,NA,NA,NA,NA,NA,NA,NA,NA,NA,NA,NA,NA,NA,NA,NA,NA,NA,NA,NA,NA,NA,NA,NA,NA,NA,NA,NA,NA,NA,NA,NA,NA,NA,NA,NA,NA,NA,NA,NA,NA,NA,NA,NA,NA,NA,NA,NA,NA,NA,NA,NA,NA,NA,NA,NA,NA,NA,NA,NA,NA,NA,NA,NA,NA,NA,NA,NA,NA,1,NA,NA,NA,NA,NA,NA,NA,NA,NA,NA,NA,NA,NA,NA,NA,NA,NA,NA,NA,NA,NA,NA,NA,NA,NA,NA,NA,NA,NA,NA,NA,NA,NA,NA,NA,NA,NA,NA,NA,NA,NA
#659F3AC,NA,NA,NA,NA,NA,NA,NA,NA,NA,NA,NA,NA,NA,NA,NA,NA,NA,NA,NA,NA,NA,NA,NA,NA,NA,NA,NA,NA,NA,NA,NA,NA,NA,NA,NA,NA,NA,NA,NA,NA,NA,NA,NA,NA,NA,NA,NA,NA,NA,NA,NA,NA,NA,NA,NA,NA,NA,NA,NA,NA,NA,NA,NA,NA,NA,NA,NA,NA,NA,NA,NA,NA,NA,NA,NA,NA,NA,NA,NA,NA,NA,NA,NA,NA,NA,NA,NA,NA,NA,NA,NA,NA,NA,NA,NA,NA,NA,NA,NA,NA,NA,NA,NA,NA,NA,NA,NA,NA,NA,NA,NA,NA,NA,NA,NA,NA,NA,NA,NA,NA,NA,NA,NA,NA,NA,NA,NA,NA,NA,NA,NA,NA,NA,NA,NA,NA,NA,NA,NA,NA,NA,NA,NA,NA,NA,NA,NA,NA,NA,NA,NA,NA,NA,NA,NA,NA,NA,NA,NA,NA,NA,NA,3,NA,NA,NA,NA,NA,NA,NA,NA,NA,NA,NA,NA,NA,NA,NA,NA,NA,NA,NA,NA,NA,NA,NA,NA,NA,NA,NA,NA,NA,NA,NA,NA,NA,NA,NA,NA,NA,NA,NA
#E48B6F,NA,NA,NA,NA,NA,NA,NA,NA,NA,NA,NA,NA,NA,NA,NA,NA,NA,NA,NA,NA,NA,NA,NA,NA,NA,NA,NA,NA,NA,NA,NA,NA,NA,NA,NA,NA,NA,NA,NA,NA,NA,NA,NA,NA,NA,NA,NA,NA,NA,NA,NA,NA,NA,NA,NA,NA,NA,NA,NA,NA,NA,NA,NA,NA,NA,NA,NA,NA,NA,NA,NA,NA,NA,NA,NA,NA,NA,NA,NA,NA,NA,NA,NA,NA,NA,NA,NA,NA,NA,NA,NA,NA,NA,NA,NA,NA,NA,NA,NA,NA,NA,NA,NA,NA,NA,NA,NA,NA,NA,NA,NA,NA,NA,NA,NA,NA,NA,NA,NA,NA,NA,NA,NA,NA,NA,NA,NA,NA,NA,NA,NA,NA,NA,NA,NA,NA,NA,NA,NA,NA,NA,NA,NA,NA,NA,NA,NA,NA,NA,NA,NA,NA,NA,NA,NA,4,4,4,4,3,3,2,2,NA,NA,NA,NA,NA,NA,NA,NA,NA,NA,NA,NA,NA,NA,NA,NA,NA,NA,NA,NA,NA,NA,NA,NA,NA,NA,NA,NA,NA,NA,NA,NA,NA,NA,NA,NA,NA,NA,NA
#24393924,NA,NA,NA,NA,NA,NA,NA,NA,NA,NA,NA,NA,NA,NA,NA,NA,NA,NA,NA,NA,NA,NA,NA,NA,NA,NA,NA,NA,NA,NA,NA,NA,NA,NA,NA,NA,NA,NA,NA,NA,NA,NA,NA,NA,NA,NA,NA,NA,NA,NA,NA,NA,NA,NA,NA,NA,NA,NA,NA,NA,NA,NA,NA,NA,NA,NA,NA,NA,NA,NA,NA,NA,NA,NA,NA,NA,NA,NA,NA,NA,NA,NA,NA,NA,NA,NA,NA,NA,NA,NA,NA,NA,NA,NA,NA,NA,NA,NA,NA,NA,NA,NA,NA,NA,NA,NA,NA,NA,NA,NA,NA,NA,NA,NA,NA,NA,NA,NA,NA,NA,NA,NA,NA,NA,NA,NA,NA,NA,NA,NA,NA,NA,NA,NA,NA,NA,NA,NA,NA,NA,NA,NA,NA,NA,NA,NA,NA,NA,NA,NA,NA,NA,NA,NA,NA,NA,NA,NA,NA,NA,NA,NA,NA,NA,3,3,3,3,1,1,5,1,NA,NA,NA,NA,NA,NA,NA,NA,NA,NA,NA,NA,NA,NA,NA,NA,NA,NA,NA,NA,NA,NA,NA,NA,NA,NA,NA,NA,NA,NA
#3CC14FB2,NA,NA,NA,NA,NA,NA,NA,NA,NA,NA,NA,NA,NA,NA,NA,NA,NA,NA,NA,NA,NA,NA,NA,NA,NA,NA,NA,NA,NA,NA,NA,NA,NA,NA,NA,NA,NA,NA,NA,NA,NA,NA,NA,NA,NA,NA,NA,NA,NA,NA,NA,NA,NA,NA,NA,NA,NA,NA,NA,NA,NA,NA,NA,NA,NA,NA,NA,NA,NA,NA,NA,NA,NA,NA,NA,NA,NA,NA,NA,NA,NA,NA,NA,NA,NA,NA,NA,NA,NA,NA,NA,NA,NA,NA,NA,NA,NA,NA,NA,NA,NA,NA,NA,NA,NA,NA,NA,NA,NA,NA,NA,NA,NA,NA,NA,NA,NA,NA,NA,NA,NA,NA,NA,NA,NA,NA,NA,NA,NA,NA,NA,NA,NA,NA,NA,NA,NA,NA,NA,NA,NA,NA,NA,NA,NA,NA,NA,NA,NA,NA,NA,NA,NA,NA,NA,NA,NA,NA,NA,NA,NA,NA,NA,NA,2,3,1,1,1,3,5,4,NA,NA,NA,NA,NA,NA,NA,NA,NA,NA,NA,NA,NA,NA,NA,NA,NA,NA,NA,NA,NA,NA,NA,NA,NA,NA,NA,NA,NA,NA
#16EC7288,NA,NA,NA,NA,NA,NA,NA,NA,NA,NA,NA,NA,NA,NA,NA,NA,NA,NA,NA,NA,NA,NA,NA,NA,NA,NA,NA,NA,NA,NA,NA,NA,NA,NA,NA,NA,NA,NA,NA,NA,NA,NA,NA,NA,NA,NA,NA,NA,NA,NA,NA,NA,NA,NA,NA,NA,NA,NA,NA,NA,NA,NA,NA,NA,NA,NA,NA,NA,NA,NA,NA,NA,NA,NA,NA,NA,NA,NA,NA,NA,NA,NA,NA,NA,NA,NA,NA,NA,NA,NA,NA,NA,NA,NA,NA,NA,NA,NA,NA,NA,NA,NA,NA,NA,NA,NA,NA,NA,NA,NA,NA,NA,NA,NA,NA,NA,NA,NA,NA,NA,NA,NA,NA,NA,NA,NA,NA,NA,NA,NA,NA,NA,NA,NA,NA,NA,NA,NA,NA,NA,NA,NA,NA,NA,NA,NA,NA,NA,NA,NA,NA,NA,NA,NA,NA,NA,NA,NA,NA,NA,NA,NA,NA,NA,NA,NA,NA,NA,NA,NA,NA,NA,NA,NA,NA,NA,4,NA,NA,NA,NA,NA,NA,NA,NA,NA,NA,NA,NA,NA,NA,NA,NA,NA,NA,NA,NA,NA,NA,NA,NA,NA
#34E011C5,NA,NA,NA,NA,NA,NA,NA,NA,NA,NA,NA,NA,NA,NA,NA,NA,NA,NA,NA,NA,NA,NA,NA,NA,NA,NA,NA,NA,NA,NA,NA,NA,NA,NA,NA,NA,NA,NA,NA,NA,NA,NA,NA,NA,NA,NA,NA,NA,NA,NA,NA,NA,NA,NA,NA,NA,NA,NA,NA,NA,NA,NA,NA,NA,NA,NA,NA,NA,NA,NA,NA,NA,NA,NA,NA,NA,NA,NA,NA,NA,NA,NA,NA,NA,NA,NA,NA,NA,NA,NA,NA,NA,NA,NA,NA,NA,NA,NA,NA,NA,NA,NA,NA,NA,NA,NA,NA,NA,NA,NA,NA,NA,NA,NA,NA,NA,NA,NA,NA,NA,NA,NA,NA,NA,NA,NA,NA,NA,NA,NA,NA,NA,NA,NA,NA,NA,NA,NA,NA,NA,NA,NA,NA,NA,NA,NA,NA,NA,NA,NA,NA,NA,NA,NA,NA,NA,NA,NA,NA,NA,NA,NA,NA,NA,NA,NA,NA,NA,NA,NA,NA,NA,NA,NA,NA,NA,NA,NA,NA,NA,NA,NA,NA,2,NA,NA,NA,NA,NA,NA,NA,NA,NA,NA,NA,NA,NA,NA,NA,NA,NA,NA
#3C5AB6D0,NA,NA,NA,NA,NA,NA,NA,NA,NA,NA,NA,NA,NA,NA,NA,NA,NA,NA,NA,NA,NA,NA,NA,NA,NA,NA,NA,NA,NA,NA,NA,NA,NA,NA,NA,NA,NA,NA,NA,NA,NA,NA,NA,NA,NA,NA,NA,NA,NA,NA,NA,NA,NA,NA,NA,NA,NA,NA,NA,NA,NA,NA,NA,NA,NA,NA,NA,NA,NA,NA,NA,NA,NA,NA,NA,NA,NA,NA,NA,NA,NA,NA,NA,NA,NA,NA,NA,NA,NA,NA,NA,NA,NA,NA,NA,NA,NA,NA,NA,NA,NA,NA,NA,NA,NA,NA,NA,NA,NA,NA,NA,NA,NA,NA,NA,NA,NA,NA,NA,NA,NA,NA,NA,NA,NA,NA,NA,NA,NA,NA,NA,NA,NA,NA,NA,NA,NA,NA,NA,NA,NA,NA,NA,NA,NA,NA,NA,NA,NA,NA,NA,NA,NA,NA,NA,NA,NA,NA,NA,NA,NA,NA,NA,NA,NA,NA,NA,NA,NA,NA,NA,NA,NA,NA,NA,NA,NA,NA,NA,NA,NA,NA,NA,NA,1,1,2,1,1,2,2,2,2,4,4,1,2,2,3,3,2,2
#3CA5148D,NA,NA,NA,NA,NA,NA,NA,NA,NA,NA,NA,NA,NA,NA,NA,NA,NA,NA,NA,NA,NA,NA,NA,NA,NA,NA,NA,NA,NA,NA,NA,NA,NA,NA,NA,NA,NA,NA,NA,NA,NA,NA,NA,NA,NA,NA,NA,NA,NA,NA,NA,NA,NA,NA,NA,NA,NA,NA,NA,NA,NA,NA,NA,NA,NA,NA,NA,NA,NA,NA,NA,NA,NA,NA,NA,NA,NA,NA,NA,NA,NA,NA,NA,NA,NA,NA,NA,NA,NA,NA,NA,NA,NA,NA,NA,NA,NA,NA,NA,NA,NA,NA,NA,NA,NA,NA,NA,NA,NA,NA,NA,NA,NA,NA,NA,NA,NA,NA,NA,NA,NA,NA,NA,NA,NA,NA,NA,NA,NA,NA,NA,NA,NA,NA,NA,NA,NA,NA,NA,NA,NA,NA,NA,NA,NA,NA,NA,NA,NA,NA,NA,NA,NA,NA,NA,NA,NA,NA,NA,NA,NA,NA,NA,NA,NA,NA,NA,NA,NA,NA,NA,NA,NA,NA,NA,NA,NA,NA,NA,NA,NA,NA,NA,NA,5,2,2,2,NA,NA,1,3,NA,NA,NA,NA,NA,NA,NA,NA,NA,NA
#7BD47FD,NA,NA,NA,NA,NA,NA,NA,NA,NA,NA,NA,NA,NA,NA,NA,NA,NA,NA,NA,NA,NA,NA,NA,NA,NA,NA,NA,NA,NA,NA,NA,NA,NA,NA,NA,NA,NA,NA,NA,NA,NA,NA,NA,NA,NA,NA,NA,NA,NA,NA,NA,NA,NA,NA,NA,NA,NA,NA,NA,NA,NA,NA,NA,NA,NA,NA,NA,NA,NA,NA,NA,NA,NA,NA,NA,NA,NA,NA,NA,NA,NA,NA,NA,NA,NA,NA,NA,NA,NA,NA,NA,NA,NA,NA,NA,NA,NA,NA,NA,NA,NA,NA,NA,NA,NA,NA,NA,NA,NA,NA,NA,NA,NA,NA,NA,NA,NA,NA,NA,NA,NA,NA,NA,NA,NA,NA,NA,NA,NA,NA,NA,NA,NA,NA,NA,NA,NA,NA,NA,NA,NA,NA,NA,NA,NA,NA,NA,NA,NA,NA,NA,NA,NA,NA,NA,NA,NA,NA,NA,NA,NA,NA,NA,NA,NA,NA,NA,NA,NA,NA,NA,NA,NA,NA,NA,NA,NA,NA,NA,NA,NA,NA,NA,NA,NA,NA,3,NA,5,NA,NA,NA,NA,NA,NA,NA,NA,NA,NA,NA,NA,NA